window,feature,n_pairs,sweat_mean,control_mean,mean_diff_sweat_minus_control,median_diff_sweat_minus_control,paired_effect_dz,paired_t_stat,paired_t_p,wilcoxon_stat,wilcoxon_p
baseline_-1000_-500ms,au06_cheek_raise_proxy_delta_mean,7,-7.087869000770825e-06,0.005894764340667415,-0.0059018522096681856,-0.0052416237378319006,-0.42015894330911036,-1.1116360751155916,0.3088425803604897,9.0,0.46875
baseline_-1000_-500ms,au06_cheek_raise_proxy_z_peak_abs,7,3.2751920703630413,3.5843217921782804,-0.30912972181523907,0.37307180380484484,-0.12095837882289322,-0.32002578935491716,0.7597997139829041,14.0,1.0
baseline_-1000_-500ms,au06_cheek_raise_proxy_delta_auc_abs,7,0.007257233579213485,0.0060895601426269414,0.0011676734365865429,0.0031826677080294,0.09351759856125944,0.2474243090010642,0.812829062185455,13.0,0.9375
baseline_-1000_-500ms,au12_lip_corner_pull_proxy_delta_mean,7,-0.0012494936533265857,-0.006341948247483763,0.005092454594157176,0.0024298590136701,0.36326904706206253,0.9611195575336365,0.37360791698997875,10.0,0.578125
baseline_-1000_-500ms,au12_lip_corner_pull_proxy_z_peak_abs,7,6.105506377948031,4.455694882280396,1.6498114956676346,-0.4468290224279545,0.23699081537302444,0.6270187604834457,0.5537414895814059,13.0,0.9375
baseline_-1000_-500ms,au12_lip_corner_pull_proxy_delta_auc_abs,7,0.004175187769834743,0.005288672236969586,-0.001113484467134843,-5.102084578450009e-05,-0.1251590493875352,-0.33113971900866906,0.7517982274837958,13.0,0.9375
baseline_-1000_-500ms,au09_nose_wrinkle_proxy_delta_mean,7,0.0004079613704593001,-0.0005158628759327002,0.0009238242463919996,0.0046875430557594,0.11963500523241948,0.31652447194289296,0.7623273131044486,13.0,0.9375
baseline_-1000_-500ms,au09_nose_wrinkle_proxy_z_peak_abs,7,3.4727436885965384,2.1670322103305013,1.3057114782660373,0.3998068523623042,0.47936757636290594,1.2682873936440135,0.25168240193995267,4.0,0.109375
baseline_-1000_-500ms,au09_nose_wrinkle_proxy_delta_auc_abs,7,0.003999511756362229,0.005125219945264401,-0.0011257081889021717,-0.002167481550162,-0.20023355053679467,-0.5297681788518424,0.6152939523939582,10.0,0.578125
baseline_-1000_-500ms,au10_upper_lip_raise_proxy_delta_mean,7,0.0022770836435444283,-0.003039223908853514,0.0053163075523979435,0.0059523967641327,0.4167086491140495,1.102507454725451,0.3124884452804608,8.0,0.375
baseline_-1000_-500ms,au10_upper_lip_raise_proxy_z_peak_abs,7,2.8608840922651484,3.5962188547872858,-0.7353347625221369,-1.1675475781153208,-0.23058185199765013,-0.6100622372304843,0.5641958948048355,9.0,0.46875
baseline_-1000_-500ms,au10_upper_lip_raise_proxy_delta_auc_abs,7,0.005587857631888629,0.006286835566405171,-0.0006989779345165423,0.0005898966433689002,-0.07989405946971777,-0.21137981258827818,0.8395878023119935,13.0,0.9375
baseline_-1000_-500ms,au24_lip_press_proxy_delta_mean,7,-0.0004981732062446731,-0.00021751987783906959,-0.00028065332840560367,-0.00012775143857119998,-0.06100458490467044,-0.16140296049248293,0.8770737764048692,12.0,0.8125
baseline_-1000_-500ms,au24_lip_press_proxy_z_peak_abs,7,3.8573584561412075,3.8327059524435776,0.024652503697630328,0.41262752114579726,0.008666847212410712,0.022930322375032133,0.9824494226165147,14.0,1.0
baseline_-1000_-500ms,au24_lip_press_proxy_delta_auc_abs,7,0.0008089948109551286,0.0015035075147566428,-0.0006945127038015143,-0.0004936055419115001,-0.3279295094337665,-0.8676199295211555,0.4189454567297299,10.0,0.578125
baseline_-1000_-500ms,au45_blink_proxy_delta_mean,7,0.004208223025566944,0.019822294601669014,-0.015614071576102072,0.0029851460214192996,-0.26372259838918766,-0.6977444104455537,0.51145627044513,11.0,0.6875
baseline_-1000_-500ms,au45_blink_proxy_z_peak_abs,7,17.25172174853031,3.500186445385539,13.751535303144776,3.8099122926793267,0.42496647461230025,1.1243556073639904,0.3038218998728733,5.0,0.15625
baseline_-1000_-500ms,au45_blink_proxy_delta_auc_abs,7,0.027924092162991816,0.03622014352449036,-0.008296051361498543,0.0271937263631928,-0.1369815553086455,-0.36241912954951555,0.7294623322704876,10.0,0.578125
baseline_-1000_-500ms,cheek_composite_proxy_delta_mean,7,0.0016472867284803854,0.002178527634007375,-0.0005312409055269893,-0.0008782608164504,-0.0879412585614896,-0.23267070013573127,0.8237507895616312,10.0,0.578125
baseline_-1000_-500ms,cheek_composite_proxy_z_peak_abs,7,2.821784260269016,2.4011297456437553,0.4206545146252609,0.008280724199170475,0.16065158748875313,0.4250441482229764,0.6856257988602681,13.0,0.9375
baseline_-1000_-500ms,cheek_composite_proxy_delta_auc_abs,7,0.0041491324636308575,0.0032180020899591857,0.0009311303736716716,0.0023475069652171,0.1432379818355343,0.37897207823561085,0.7177571925296188,10.0,0.578125
baseline_-1000_-500ms,mouth_open_proxy_delta_mean,7,0.0004981732062446731,0.00021751987783906959,0.00028065332840560367,0.00012775143857119998,0.06100458490467044,0.16140296049248293,0.8770737764048692,12.0,0.8125
baseline_-1000_-500ms,mouth_open_proxy_z_peak_abs,7,3.8573584561412075,3.8327059524435776,0.024652503697630328,0.41262752114579726,0.008666847212410712,0.022930322375032133,0.9824494226165147,14.0,1.0
baseline_-1000_-500ms,mouth_open_proxy_delta_auc_abs,7,0.0008089948109551286,0.0015035075147566428,-0.0006945127038015143,-0.0004936055419115001,-0.3279295094337665,-0.8676199295211555,0.4189454567297299,10.0,0.578125
baseline_-1000_-500ms,mouth_asymmetry_proxy_delta_mean,7,-0.0016835076116721145,0.002117331566759071,-0.003800839178431186,-0.0009006868428551998,-0.49423388373219695,-1.3076199458570044,0.2388690134455318,9.0,0.46875
baseline_-1000_-500ms,mouth_asymmetry_proxy_z_peak_abs,7,4.853292968436825,3.329277748194488,1.5240152202423372,0.4366525507022827,0.26369808816723006,0.6976795624936749,0.511494048886548,12.0,0.8125
baseline_-1000_-500ms,mouth_asymmetry_proxy_delta_auc_abs,7,0.0045233869620044135,0.004010646488704857,0.0005127404732995571,-0.0007250105479594997,0.11751420737166864,0.3109133682223084,0.766384660663667,12.0,0.8125
baseline_-1000_-500ms,head_yaw_proxy_delta_mean,7,-0.005912094543616957,0.00013381046230972853,-0.006045905005926686,-0.0033705330573125004,-0.5061517939611428,-1.3391517724703883,0.22901983055520544,9.0,0.46875
baseline_-1000_-500ms,head_yaw_proxy_z_peak_abs,7,5.016085075880354,2.5203945724314423,2.495690503448912,0.18203019959978395,0.74530375298335,1.9718883815970578,0.09609834607094683,6.0,0.21875
baseline_-1000_-500ms,head_yaw_proxy_delta_auc_abs,7,0.0061844264556326,0.006595180544568943,-0.00041075408893634325,0.0013307128765243999,-0.03314810037013046,-0.08770163001357331,0.9329676529721724,12.0,0.8125
baseline_-1000_-500ms,head_roll_deg_delta_mean,7,-0.5735473700904373,0.04007242050797987,-0.6136197905984172,-0.34774588556201513,-0.5836757026013574,-1.5442607553940875,0.1734749312274508,5.0,0.15625
baseline_-1000_-500ms,head_roll_deg_z_peak_abs,7,3.4440102803440493,2.502261073121126,0.9417492072229235,0.500305469845076,0.40409397056374474,1.0691321524123236,0.32612374867348115,8.0,0.375
baseline_-1000_-500ms,head_roll_deg_delta_auc_abs,7,0.5785657962171379,0.7699011993011098,-0.19133540308397187,0.11407500861190498,-0.11783388793407841,-0.31175916348942595,0.7657725485662227,11.0,0.6875
early_0_500ms,au06_cheek_raise_proxy_delta_mean,7,0.0029600405421721285,0.0015137989873927585,0.0014462415547793707,0.002732683079832699,0.04345695299460828,0.11497629036035716,0.9122151681726327,12.0,0.8125
early_0_500ms,au06_cheek_raise_proxy_z_peak_abs,7,8.780030839655607,11.840383817146556,-3.0603529774909473,0.6385249335470959,-0.14738611373801638,-0.38994700365507173,0.7100422385548131,12.0,0.8125
early_0_500ms,au06_cheek_raise_proxy_delta_auc_abs,7,0.015435764577207899,0.018680217055975615,-0.0032444524787677144,-0.0019498155179259007,-0.33306156380362656,-0.8811980690986677,0.41211499712387073,10.0,0.578125
early_0_500ms,au12_lip_corner_pull_proxy_delta_mean,7,0.0049210893197984855,0.0013036039874946717,0.003617485332303816,-0.003769439974286401,0.07839570866143801,0.2074155489728373,0.8425459511960766,12.0,0.8125
early_0_500ms,au12_lip_corner_pull_proxy_z_peak_abs,7,7.477380587822857,4.818716670696525,2.6586639171263315,0.8286394579312875,0.43869202587303563,1.1606700026071652,0.2898644151748295,10.0,0.578125
early_0_500ms,au12_lip_corner_pull_proxy_delta_auc_abs,7,0.011791113915995886,0.011404084305269457,0.0003870296107264288,-0.0007609557100053,0.019806222136139386,0.05240233818392729,0.9599092201550045,14.0,1.0
early_0_500ms,au09_nose_wrinkle_proxy_delta_mean,7,0.02232066697791657,0.007900539692321299,0.014420127285595274,0.010125984411574303,0.24428880433173403,0.6463274243390865,0.5419843027532162,11.0,0.6875
early_0_500ms,au09_nose_wrinkle_proxy_z_peak_abs,7,8.046940423114505,5.020320390371202,3.0266200327433013,0.1274188803301073,0.26357805612587043,0.6973619875628779,0.5116790850009925,12.0,0.8125
early_0_500ms,au09_nose_wrinkle_proxy_delta_auc_abs,7,0.013870108615119158,0.01659670926530313,-0.0027266006501839722,-0.0037749336890886996,-0.17983962857594654,-0.47581093308617955,0.6510382727033412,11.0,0.6875
early_0_500ms,au10_upper_lip_raise_proxy_delta_mean,7,0.04326796795973964,-0.0013987737786931278,0.04466674173843277,0.0574228076195258,0.8031779509305615,2.1250091166927043,0.07774351942355301,3.0,0.078125
early_0_500ms,au10_upper_lip_raise_proxy_z_peak_abs,7,7.570554012765252,5.80139083022284,1.7691631825424128,3.3079300887841545,0.3118808970861136,0.8251592923615858,0.4408466513167518,9.0,0.46875
early_0_500ms,au10_upper_lip_raise_proxy_delta_auc_abs,7,0.02362177519042013,0.020201184428476883,0.0034205907619432414,0.0029038079354310005,0.18661195325788552,0.4937288199923746,0.6390485412696433,11.0,0.6875
early_0_500ms,au24_lip_press_proxy_delta_mean,7,-0.0013387559174541474,0.015175300265223199,-0.016514056182677348,-0.0043181958930606,-0.4707676870143097,-1.2455342251249546,0.2593683492134266,1.0,0.03125
early_0_500ms,au24_lip_press_proxy_z_peak_abs,7,4.531794545078942,3.7343676127256082,0.7974269323533328,2.3083927366481407,0.15587556418504386,0.4124079783055125,0.6943707436495953,12.0,0.8125
early_0_500ms,au24_lip_press_proxy_delta_auc_abs,7,0.0011229500580597002,0.0073202335976765,-0.0061972835396168005,0.00010566644372309996,-0.3611560319176667,-0.9555290449450516,0.37620741877366204,14.0,1.0
early_0_500ms,au45_blink_proxy_delta_mean,7,-0.06923161511373647,-0.0002691065933247897,-0.06896250852041168,-0.15879807847346772,-0.2319241346226621,-0.6136135832454288,0.5619963983534725,9.0,0.46875
early_0_500ms,au45_blink_proxy_z_peak_abs,7,25.034398317831947,52.069858033158404,-27.03545971532645,-8.529073159959975,-0.3352311390429898,-0.8869382256326661,0.40925265556567886,9.0,0.46875
early_0_500ms,au45_blink_proxy_delta_auc_abs,7,0.11134040339651229,0.1007286906122984,0.010611712784213868,-0.024594155456549895,0.16048737253575868,0.42460967629579494,0.6859256043196591,12.0,0.8125
early_0_500ms,cheek_composite_proxy_delta_mean,7,0.018356818628644727,0.0038135399712954715,0.014543278657349256,-0.0017762712338362015,0.5990998104045998,1.5850691088365179,0.16404358157789067,10.0,0.578125
early_0_500ms,cheek_composite_proxy_z_peak_abs,7,4.684573897035029,11.175860894190079,-6.491286997155049,0.08360384228996676,-0.2949611175497744,-0.7803937634703924,0.46482323035937284,14.0,1.0
early_0_500ms,cheek_composite_proxy_delta_auc_abs,7,0.01002879688252117,0.008570265504010457,0.0014585313785107142,-0.0018945040454517999,0.1259056983262205,0.3331151664171007,0.7503794985973014,13.0,0.9375
early_0_500ms,mouth_open_proxy_delta_mean,7,0.0013387559174541474,-0.015175300265223199,0.016514056182677348,0.0043181958930606,0.4707676870143097,1.2455342251249546,0.2593683492134266,1.0,0.03125
early_0_500ms,mouth_open_proxy_z_peak_abs,7,4.531794545078942,3.7343676127256082,0.7974269323533328,2.3083927366481407,0.15587556418504386,0.4124079783055125,0.6943707436495953,12.0,0.8125
early_0_500ms,mouth_open_proxy_delta_auc_abs,7,0.0011229500580597002,0.0073202335976765,-0.0061972835396168005,0.00010566644372309996,-0.3611560319176667,-0.9555290449450516,0.37620741877366204,14.0,1.0
early_0_500ms,mouth_asymmetry_proxy_delta_mean,7,-0.014848237507124742,-0.033906567659027116,0.01905833015190237,-0.0129591467484333,0.3608210368425745,0.9546427312859264,0.3766208353066259,10.0,0.578125
early_0_500ms,mouth_asymmetry_proxy_z_peak_abs,7,3.343291767473418,4.146281378180432,-0.8029896107070142,-0.7898375024416981,-0.22037803629659405,-0.5830654784615535,0.5810863951329053,11.0,0.6875
early_0_500ms,mouth_asymmetry_proxy_delta_auc_abs,7,0.007568867996292471,0.019315072253002916,-0.011746204256710444,-0.00019000791354920055,-0.5231490444383097,-1.3841222702048455,0.21560483497227964,9.0,0.46875
early_0_500ms,head_yaw_proxy_delta_mean,7,0.016063526346527857,-0.01066028852719377,0.026723814873721632,0.0284061826867963,0.5925946005758201,1.5678579414032734,0.16796053695006563,5.0,0.15625
early_0_500ms,head_yaw_proxy_z_peak_abs,7,4.514081489468839,3.900622222896742,0.6134592665720969,-1.7373765544892654,0.08516904291846292,0.22533610696363962,0.8291967269938008,12.0,0.8125
early_0_500ms,head_yaw_proxy_delta_auc_abs,7,0.009314483777369056,0.014100763594612585,-0.004786279817243529,-0.0027621140786551995,-0.32751410738354564,-0.8665208790021649,0.41950200353070777,9.0,0.46875
early_0_500ms,head_roll_deg_delta_mean,7,2.5948580358031976,-2.63923479076109,5.234092826564287,2.755648887441685,0.9397592597853859,2.486369293662274,0.047394660264480325,0.0,0.015625
early_0_500ms,head_roll_deg_z_peak_abs,7,3.611314953642475,3.6023551051079976,0.008959848534476908,-0.18223008272768038,0.0023896743179645744,0.006322483959772153,0.9951603939890656,13.0,0.9375
early_0_500ms,head_roll_deg_delta_auc_abs,7,1.271416610004547,1.7040445917044684,-0.43262798169992117,0.25090721421655915,-0.17822255438010906,-0.47153255691245377,0.6539183296541267,8.0,0.375
late_2_5s,au06_cheek_raise_proxy_delta_mean,7,-0.008247975503715416,-0.0031328536624057146,-0.005115121841309698,-0.008511086354112001,-0.19880878641191196,-0.5259986073004763,0.6177555227279099,9.0,0.46875
late_2_5s,au06_cheek_raise_proxy_z_peak_abs,7,9.514194364497644,13.27292807873992,-3.758733714242275,-2.472562635481931,-0.16550560422681562,-0.4378866693716346,0.6767923918583547,13.0,0.9375
late_2_5s,au06_cheek_raise_proxy_delta_auc_abs,7,0.09308604126100864,0.10183374479488852,-0.008747703533879884,-0.0082269431929572,-0.1413342376174574,-0.3739352444747023,0.7213102140138686,11.0,0.6875
late_2_5s,au12_lip_corner_pull_proxy_delta_mean,7,0.012792838092606415,-0.006878460937306014,0.01967129902991243,0.006018147704570801,0.36398235366126835,0.9630067894036761,0.37273356370959565,11.0,0.6875
late_2_5s,au12_lip_corner_pull_proxy_z_peak_abs,7,7.683454556907341,11.803210119908197,-4.119755563000856,-4.024024909591548,-0.40222341286359276,-1.0641831219247246,0.3281867944452632,8.0,0.375
late_2_5s,au12_lip_corner_pull_proxy_delta_auc_abs,7,0.07271259556145371,0.08402124659818336,-0.011308651036729645,-0.016192435705728203,-0.1673855088425091,-0.4428604294732821,0.6733862890854095,11.0,0.6875
late_2_5s,au09_nose_wrinkle_proxy_delta_mean,7,0.019015618176144642,0.0036472804149920114,0.015368337761152626,0.0072956359410896,0.3297526770330795,0.8724435775873284,0.41650931814143083,9.0,0.46875
late_2_5s,au09_nose_wrinkle_proxy_z_peak_abs,7,9.920021055392368,5.482494007725158,4.437527047667211,0.3596282303865581,0.35669507116010923,0.9437264521721365,0.38174176305821295,9.0,0.46875
late_2_5s,au09_nose_wrinkle_proxy_delta_auc_abs,7,0.07721229980699214,0.08054766316326294,-0.0033353633562708033,-0.007351580662214398,-0.03407812435640037,-0.09016224219456843,0.9310928035900671,13.0,0.9375
late_2_5s,au10_upper_lip_raise_proxy_delta_mean,7,0.01391417834469537,-0.0021974178876018277,0.016111596232297205,0.032382759613737405,0.3584894058112565,0.9484738154278979,0.3795081169778205,9.0,0.46875
late_2_5s,au10_upper_lip_raise_proxy_z_peak_abs,7,8.439160779386675,7.626475882158705,0.8126848972279702,-4.888323107650823,0.07488331945810582,0.19812264063315202,0.8494913156336075,13.0,0.9375
late_2_5s,au10_upper_lip_raise_proxy_delta_auc_abs,7,0.08343435489102892,0.11840736660143093,-0.034973011710402006,-0.049029097122929105,-0.5292784994381303,-1.4003392838067326,0.21094486195851767,6.0,0.21875
late_2_5s,au24_lip_press_proxy_delta_mean,7,-0.0013392426307209829,-0.002584083164118428,0.001244840533397446,-4.2005676471500034e-05,0.09588500420117083,0.2536878755766815,0.8082060497923216,14.0,1.0
late_2_5s,au24_lip_press_proxy_z_peak_abs,7,8.011575485498538,9.490022530986966,-1.47844704548843,-0.3952320460485699,-0.1421555937953124,-0.37610834865911313,0.719776347982168,13.0,0.9375
late_2_5s,au24_lip_press_proxy_delta_auc_abs,7,0.009697058255467345,0.0405360599995938,-0.030839001744126456,-0.0010118467322958995,-0.37982315519894266,-1.0049176108402922,0.3537284235317876,11.0,0.6875
late_2_5s,au45_blink_proxy_delta_mean,7,-0.08724044882230615,-0.08344540731969556,-0.0037950415026105594,0.010345931225535093,-0.021522288191534417,-0.05694262219986213,0.9564398457168612,14.0,1.0
late_2_5s,au45_blink_proxy_z_peak_abs,7,42.52129003363621,54.37402728033734,-11.852737246701134,-12.95897880685657,-0.11086325106656973,-0.2933165918582597,0.7791609349605124,12.0,0.8125
late_2_5s,au45_blink_proxy_delta_auc_abs,7,0.5552421926391294,0.5444554806060796,0.010786712033049714,-0.03445182598638863,0.03371542076636545,0.08920261869570571,0.9318239263115149,9.0,0.46875
late_2_5s,cheek_composite_proxy_delta_mean,7,0.007460132999270113,-0.0007289139232071716,0.008189046922477286,0.0092162677180741,0.2613947924997251,0.6915856149616042,0.515052420253668,12.0,0.8125
late_2_5s,cheek_composite_proxy_z_peak_abs,7,7.215773313211238,15.670788196329678,-8.455014883118443,-2.2039699460770557,-0.3136820494911328,-0.8299246936985925,0.43834780726934475,12.0,0.8125
late_2_5s,cheek_composite_proxy_delta_auc_abs,7,0.04908984719510708,0.0855957678932965,-0.03650592069818943,-0.029795841544985102,-1.4352071499589094,-3.7972011986530587,0.008997212667358494,1.0,0.03125
late_2_5s,mouth_open_proxy_delta_mean,7,0.0013392426307209829,0.002584083164118428,-0.001244840533397446,4.2005676471500034e-05,-0.09588500420117083,-0.2536878755766815,0.8082060497923216,14.0,1.0
late_2_5s,mouth_open_proxy_z_peak_abs,7,8.011575485498538,9.490022530986966,-1.47844704548843,-0.3952320460485699,-0.1421555937953124,-0.37610834865911313,0.719776347982168,13.0,0.9375
late_2_5s,mouth_open_proxy_delta_auc_abs,7,0.009697058255467345,0.0405360599995938,-0.030839001744126456,-0.0010118467322958995,-0.37982315519894266,-1.0049176108402922,0.3537284235317876,11.0,0.6875
late_2_5s,mouth_asymmetry_proxy_delta_mean,7,-0.013964936327022715,-0.025005180869740812,0.011040244542718099,0.0122346474502432,0.2131427246487282,0.5639226431832517,0.5932429260652654,12.0,0.8125
late_2_5s,mouth_asymmetry_proxy_z_peak_abs,7,5.603034611890062,7.678891776409328,-2.0758571645192663,-0.5967016343784279,-0.27619908276290045,-0.7307540853347813,0.4924664406010058,11.0,0.6875
late_2_5s,mouth_asymmetry_proxy_delta_auc_abs,7,0.06523089167527404,0.13705648160647235,-0.07182558993119834,-0.0779847106621076,-0.5785201699938017,-1.5306204982384106,0.1767399303115245,6.0,0.21875
late_2_5s,head_yaw_proxy_delta_mean,7,0.015103588330210513,0.008434950373638287,0.0066686379565722275,0.010330225867509698,0.13454184178899856,0.3559642543062877,0.7340487527996788,11.0,0.6875
late_2_5s,head_yaw_proxy_z_peak_abs,7,8.939980753844914,4.933801255218618,4.006179498626297,1.0767648194963706,0.28932639578410535,0.7654856909713893,0.473009058454998,12.0,0.8125
late_2_5s,head_yaw_proxy_delta_auc_abs,7,0.0784363316723433,0.08518519752361142,-0.006748865851268103,0.026689590025768296,-0.07326119559287061,-0.1938309042899968,0.8527039358084565,12.0,0.8125
late_2_5s,head_roll_deg_delta_mean,7,0.9841789503868116,-1.7165227578406184,2.7007017082274296,2.460724912527253,0.5825102338999038,1.5411772150492116,0.17420801584341739,6.0,0.21875
late_2_5s,head_roll_deg_z_peak_abs,7,5.806842627902986,5.119688379158157,0.6871542487448288,2.4958605352167336,0.09676035863984984,0.2560038457304627,0.8064988140583451,11.0,0.6875
late_2_5s,head_roll_deg_delta_auc_abs,7,5.910898563193823,11.12120498000446,-5.210306416810637,-2.136845542080626,-0.3865519069332972,-1.0227202145632885,0.34589293191673903,8.0,0.375
short_500_2000ms,au06_cheek_raise_proxy_delta_mean,7,-0.005267674913051729,-0.004016520488086727,-0.001251154424965001,-0.0006158175700483014,-0.08261130912035636,-0.218568979413945,0.834230572488817,12.0,0.8125
short_500_2000ms,au06_cheek_raise_proxy_z_peak_abs,7,10.809272260664232,12.209390932187086,-1.4001186715228557,6.625220011308473,-0.06319579103928251,-0.16720034699594558,0.872705262897362,13.0,0.9375
short_500_2000ms,au06_cheek_raise_proxy_delta_auc_abs,7,0.04721831666393412,0.039575011187443145,0.007643305476490984,0.0027956829518553973,0.46614316522393967,1.2332988905350364,0.26358578925823994,8.0,0.375
short_500_2000ms,au12_lip_corner_pull_proxy_delta_mean,7,0.015436425338239645,0.0041054290634444535,0.011330996274795188,0.0140387643803144,0.2636813932225809,0.6976353918219814,0.5115197824304505,11.0,0.6875
short_500_2000ms,au12_lip_corner_pull_proxy_z_peak_abs,7,7.586962834237072,8.14130052427977,-0.5543376900426968,2.128344938584778,-0.05975865207996827,-0.15810653208802877,0.8795598683689919,13.0,0.9375
short_500_2000ms,au12_lip_corner_pull_proxy_delta_auc_abs,7,0.0365258512640939,0.04225367524452707,-0.00572782398043317,-0.011591990396378999,-0.10361966166153111,-0.2741518556930652,0.7931620404034719,7.0,0.296875
short_500_2000ms,au09_nose_wrinkle_proxy_delta_mean,7,0.020264542378671202,0.009752550827115016,0.010511991551556186,0.0320647029886873,0.21584279157136982,0.5710663487837929,0.5886891121972897,10.0,0.578125
short_500_2000ms,au09_nose_wrinkle_proxy_z_peak_abs,7,8.514859490916944,5.1298780922838025,3.38498139863314,-0.021093944624463123,0.3606381028927164,0.9541587335482512,0.3768467432266775,11.0,0.6875
short_500_2000ms,au09_nose_wrinkle_proxy_delta_auc_abs,7,0.04036135854875191,0.04898777406195427,-0.008626415513202357,-0.015645173983229697,-0.15780919518679418,-0.41752388506350857,0.6908239323586486,11.0,0.6875
short_500_2000ms,au10_upper_lip_raise_proxy_delta_mean,7,0.031232739354131296,-0.0012004970238703148,0.03243323637800161,0.0267615901987074,0.6067595648786782,1.6053349142787432,0.15954271968286435,7.0,0.296875
short_500_2000ms,au10_upper_lip_raise_proxy_z_peak_abs,7,9.45213008901373,6.705151946139706,2.7469781428740245,2.586086191577415,0.31199170096948375,0.8254524518812834,0.44069262875367243,10.0,0.578125
short_500_2000ms,au10_upper_lip_raise_proxy_delta_auc_abs,7,0.06592627660175474,0.04427129994672866,0.021654976655026074,0.019981561902929,0.4662401674538586,1.2335555343120208,0.2634967150553854,6.0,0.21875
short_500_2000ms,au24_lip_press_proxy_delta_mean,7,-0.0011732747047947854,-0.0013492717068208286,0.00017599700202604275,-0.00016184749771829985,0.020948993762569385,0.055425827712801884,0.9575987640823068,13.0,0.9375
short_500_2000ms,au24_lip_press_proxy_z_peak_abs,7,5.428305337711963,7.353171222610045,-1.92486588489808,-1.2030372827726605,-0.3311403050782714,-0.8761148963071652,0.4146622510044222,10.0,0.578125
short_500_2000ms,au24_lip_press_proxy_delta_auc_abs,7,0.004937800518660213,0.02035290831428343,-0.015415107795623214,-0.0035108600313955994,-0.3772419386924634,-0.9980883538841331,0.35677163753417135,8.0,0.375
short_500_2000ms,au45_blink_proxy_delta_mean,7,-0.09337690641524758,-0.04675625858690792,-0.04662064782833965,0.037493842911937775,-0.2544855747670733,-0.6733055430870101,0.5258237340690788,11.0,0.6875
short_500_2000ms,au45_blink_proxy_z_peak_abs,7,41.05588279413313,48.37661673577672,-7.32073394164358,-9.720063412010967,-0.07251164359297554,-0.19184777610356338,0.8541894764269631,13.0,0.9375
short_500_2000ms,au45_blink_proxy_delta_auc_abs,7,0.262666905183584,0.28395268181239197,-0.021285776628807956,-0.0804399308135865,-0.1018642924113171,-0.269507585197909,0.7965679847777212,10.0,0.578125
short_500_2000ms,cheek_composite_proxy_delta_mean,7,0.015107615947847744,0.0029701340897264994,0.012137481858121245,0.00025785029895059996,0.3827006145777762,1.012530652764376,0.3503604411612609,9.0,0.46875
short_500_2000ms,cheek_composite_proxy_z_peak_abs,7,6.181379451940887,16.61722651755636,-10.435847065615473,1.2336267174943414,-0.2976340274698531,-0.7874656183957982,0.46097520327155456,13.0,0.9375
short_500_2000ms,cheek_composite_proxy_delta_auc_abs,7,0.027609802933271973,0.030664417064174932,-0.0030546141309029584,-0.012825975423065399,-0.07410762419598209,-0.19607034387640157,0.8510271910862406,11.0,0.6875
short_500_2000ms,mouth_open_proxy_delta_mean,7,0.0011732747047947854,0.0013492717068208286,-0.00017599700202604275,0.00016184749771829985,-0.020948993762569385,-0.055425827712801884,0.9575987640823068,13.0,0.9375
short_500_2000ms,mouth_open_proxy_z_peak_abs,7,5.428305337711963,7.353171222610045,-1.92486588489808,-1.2030372827726605,-0.3311403050782714,-0.8761148963071652,0.4146622510044222,10.0,0.578125
short_500_2000ms,mouth_open_proxy_delta_auc_abs,7,0.004937800518660213,0.02035290831428343,-0.015415107795623214,-0.0035108600313955994,-0.3772419386924634,-0.9980883538841331,0.35677163753417135,8.0,0.375
short_500_2000ms,mouth_asymmetry_proxy_delta_mean,7,-0.006342297585607728,-0.023114689391853984,0.016772391806246255,-0.016240510387672002,0.2702337812565783,0.714971381053534,0.5014858618412186,11.0,0.6875
short_500_2000ms,mouth_asymmetry_proxy_z_peak_abs,7,4.151755513816757,6.3511933039052835,-2.1994377900885267,-1.084649639287866,-0.36015136692431254,-0.9528709512217044,0.3774483356973654,10.0,0.578125
short_500_2000ms,mouth_asymmetry_proxy_delta_auc_abs,7,0.01985510859417167,0.06691588474433893,-0.04706077615016725,-0.0621486958989277,-0.7886604272225325,-2.0865993593087753,0.08198296747274975,4.0,0.109375
short_500_2000ms,head_yaw_proxy_delta_mean,7,0.0250806919315692,-0.0007581068067351127,0.025838798738304313,0.0221044255792438,0.5848965958230607,1.547490935236079,0.17271010347095303,7.0,0.296875
short_500_2000ms,head_yaw_proxy_z_peak_abs,7,7.174493128364646,3.2950597604005862,3.8794333679640607,1.418019995319093,0.42429358436128584,1.1225753071001663,0.30452047786880976,9.0,0.46875
short_500_2000ms,head_yaw_proxy_delta_auc_abs,7,0.04219569660795114,0.032732610274268686,0.009463086333682456,0.002432217887933,0.2746638057334507,0.7266921241212673,0.49477719144536286,10.0,0.578125
short_500_2000ms,head_roll_deg_delta_mean,7,2.91375981463663,-2.256575469587608,5.170335284224238,3.1028137028878433,0.8223299931932175,2.1756806576186913,0.07249178656077865,3.0,0.078125
short_500_2000ms,head_roll_deg_z_peak_abs,7,4.974594619820374,3.9361668327007875,1.0384277871195864,0.9170157266226711,0.3824786435185883,1.0119433725435112,0.35061933377394483,8.0,0.375
short_500_2000ms,head_roll_deg_delta_auc_abs,7,4.360972433095665,5.594182975617213,-1.2332105425215458,-0.05946703239190598,-0.16454472551147487,-0.43534442325074774,0.678536605919106,14.0,1.0
