deepface_ok,deepface_error,deepface_dominant_emotion,deepface_angry,deepface_disgust,deepface_fear,deepface_happy,deepface_sad,deepface_surprise,deepface_neutral,video_id,source_file,frame_idx,timestamp_s
1,,sad,5.028104782104492,0.0011736806482076645,20.749958038330078,2.349834442138672,71.54981231689453,0.03628913313150406,0.2848235070705414,P1L42069,P1L42069.mp4,0,0.0
1,,sad,0.970925509929657,0.003016252536326647,12.887843132019043,1.5108247995376587,82.47334289550781,0.0004698084376286715,2.1535751819610596,P1L42069,P1L42069.mp4,100,1.0
1,,sad,0.24221038818359375,5.0358186854282394e-05,1.159780502319336,0.14952442049980164,97.9031982421875,3.202709194738418e-06,0.5452247262001038,P1L42069,P1L42069.mp4,200,2.0
1,,sad,0.15705585479736328,1.4861732324789045e-06,3.748138189315796,1.0359758138656616,93.47576904296875,2.7106000288767973e-06,1.5830563306808472,P1L42069,P1L42069.mp4,300,3.0
1,,neutral,0.07818180322647095,2.0323299987357046e-10,0.0009174189763143659,0.006367559544742107,6.893906593322754,3.473862975056363e-08,93.0206298828125,P1L42069,P1L42069.mp4,400,4.0
1,,sad,0.00021418678807094693,5.046354445426005e-10,13.821563720703125,13.1626558303833,72.98043060302734,7.071035423855676e-11,0.03513031825423241,P1L42069,P1L42069.mp4,500,5.0
1,,happy,29.04948616027832,7.151945465011522e-05,10.723569869995117,49.32704162597656,3.662536382675171,2.532911777496338,4.704381465911865,P1L42069,P1L42069.mp4,600,6.0
1,,happy,0.00014433077012654394,3.0981664456142255e-10,0.32020923495292664,92.64651489257812,7.027434825897217,1.00918206083489e-11,0.005699506960809231,P1L42069,P1L42069.mp4,700,7.0
1,,happy,0.00032430613646283746,3.823095617860872e-09,3.9471185207366943,93.91206359863281,0.5686306357383728,1.1839065727770048e-08,1.5718703269958496,P1L42069,P1L42069.mp4,800,8.0
1,,neutral,0.03237135708332062,1.1077718298224681e-08,0.18018464744091034,0.11615899950265884,2.5302112102508545,0.00032165905577130616,97.14075469970703,P1L42069,P1L42069.mp4,900,9.0
1,,fear,3.1335435778601095e-05,5.838801664381776e-13,62.63947677612305,35.11932373046875,2.2409939765930176,2.7068168886867916e-11,0.00018038525013253093,P1L42069,P1L42069.mp4,1000,10.0
1,,fear,0.00016567476268392056,4.5272483678582276e-11,79.1634521484375,10.944452285766602,9.891127586364746,1.716070167911976e-11,0.0008040054817683995,P1L42069,P1L42069.mp4,1100,11.0
1,,fear,1.354346750304103e-06,9.731139505309017e-13,81.8381576538086,17.854557037353516,0.30687758326530457,9.664948702470255e-11,0.00040414478280581534,P1L42069,P1L42069.mp4,1200,12.0
1,,fear,3.4635608159305775e-08,2.275839039385429e-15,95.54270935058594,4.456788539886475,0.0005010822787880898,2.355598160974637e-09,8.256904038717039e-06,P1L42069,P1L42069.mp4,1300,13.0
1,,fear,1.4224036704035825e-06,2.3434678676770293e-12,77.80317687988281,22.160879135131836,0.03590884059667587,3.1263678312853926e-09,3.3814998460002244e-05,P1L42069,P1L42069.mp4,1400,14.0
1,,fear,4.023162887278886e-07,6.80008621026934e-13,79.10562896728516,20.870315551757812,0.023902252316474915,3.0746538648429578e-09,0.00015504307521041483,P1L42069,P1L42069.mp4,1500,15.0
1,,happy,1.0968863151106234e-08,1.3857863051796194e-14,12.037765502929688,87.9614028930664,0.0008183822501450777,6.859266488135063e-10,1.6863767086761072e-05,P1L42069,P1L42069.mp4,1600,16.0
1,,neutral,0.021666711196303368,3.6204106379500445e-09,0.7688548564910889,0.02512251026928425,32.46861267089844,2.3833329123590374e-06,66.71573638916016,P1L42069,P1L42069.mp4,1700,17.0
1,,neutral,0.027692431584000587,4.7851300699619514e-09,32.81308364868164,0.054527994245290756,8.500734329223633,0.007555672433227301,58.59640121459961,P1L42069,P1L42069.mp4,1800,18.0
1,,fear,0.002836945466697216,7.533516033220167e-09,97.24256896972656,0.0010899269254878163,2.7419774532318115,0.00010300512803951278,0.01143332663923502,P1L42069,P1L42069.mp4,1900,19.0
1,,happy,1.0617021928283066e-08,4.223336361620228e-13,47.850345611572266,52.142066955566406,0.0075240894220769405,4.328420261101584e-11,6.729529559379444e-05,P1L42069,P1L42069.mp4,2000,20.0
1,,happy,7.792906586701065e-08,1.3544312156207883e-12,45.486549377441406,54.49395751953125,0.01943366229534149,4.4061257420402455e-10,6.0880051023559645e-05,P1L42069,P1L42069.mp4,2100,21.0
1,,happy,7.711511784691538e-08,1.9170622121006398e-12,19.498672485351562,80.47959899902344,0.021240320056676865,1.997462334424327e-10,0.0004876557213719934,P1L42069,P1L42069.mp4,2200,22.0
1,,happy,4.64114187082032e-08,1.9878207153239957e-12,13.987032890319824,85.99993896484375,0.012616179883480072,1.6280679582258983e-10,0.00040569889824837446,P1L42069,P1L42069.mp4,2300,23.0
1,,happy,1.5428820177021407e-07,9.397025692303718e-12,49.55375671386719,50.40501403808594,0.04044780880212784,2.656421471680659e-10,0.0007895588641986251,P1L42069,P1L42069.mp4,2400,24.0
1,,fear,0.0001391664845868945,2.2951501810197783e-12,51.78887939453125,0.001957919681444764,48.07212829589844,2.5603544600016903e-06,0.13689851760864258,P1L42069,P1L42069.mp4,2500,25.0
1,,sad,6.257348286453635e-05,1.25890021063918e-12,35.485557556152344,8.092454663710669e-05,64.3823471069336,1.1994497128853254e-07,0.13194994628429413,P1L42069,P1L42069.mp4,2600,26.0
1,,fear,0.0009037636336870492,2.8615918523655637e-08,95.0938949584961,0.00797563698142767,4.881677627563477,0.0002054305950878188,0.015339775010943413,P1L42069,P1L42069.mp4,2700,27.0
1,,sad,0.02541537955403328,5.248347179076518e-07,12.026535034179688,0.0005509625771082938,87.79193878173828,7.610411557834595e-05,0.15547962486743927,P1L42069,P1L42069.mp4,2800,28.0
1,,happy,7.496798389183823e-06,5.8955496484713876e-08,42.41107177734375,56.721435546875,0.8656057715415955,6.18507606242602e-11,0.0018771003233268857,P1L42069,P1L42069.mp4,2900,29.0
1,,fear,1.5919815268716775e-05,2.8013316111241693e-08,64.28873443603516,29.82283592224121,5.782917499542236,1.3152379185754626e-09,0.10549214482307434,P1L42069,P1L42069.mp4,3000,30.0
1,,fear,0.000199312053155154,1.4388616875748994e-07,67.78917694091797,4.517977714538574,26.966350555419922,2.999008597015518e-09,0.7263007164001465,P1L42069,P1L42069.mp4,3100,31.0
1,,fear,4.134820119361393e-05,1.5144808074296634e-08,86.12702941894531,8.910429954528809,4.958759307861328,1.419266371094352e-09,0.0037431977689266205,P1L42069,P1L42069.mp4,3200,32.0
1,,fear,4.6624984406662406e-07,7.820644132294774e-11,60.91156005859375,39.013526916503906,0.07470007240772247,5.539208328131373e-11,0.00021025580645073205,P1L42069,P1L42069.mp4,3300,33.0
1,,happy,1.5838203637486004e-07,1.5446344203695617e-10,18.092559814453125,81.80229187011719,0.1049950122833252,1.5634195327240974e-11,0.00015254327445290983,P1L42069,P1L42069.mp4,3400,34.0
1,,happy,1.8077145114148152e-07,2.0320578553167934e-10,29.652019500732422,70.2615737915039,0.08631592243909836,3.1158103874773246e-11,8.781113137956709e-05,P1L42069,P1L42069.mp4,3500,35.0
1,,sad,0.036347758024930954,8.963925779426063e-07,20.386350631713867,0.0013396131107583642,79.52391815185547,1.9011707991012372e-05,0.05203152075409889,P1L42069,P1L42069.mp4,3600,36.0
1,,fear,1.440865162294358e-06,8.449386745823517e-10,63.44249725341797,35.05390167236328,1.486311912536621,3.133625303686216e-10,0.01729000173509121,P1L42069,P1L42069.mp4,3700,37.0
1,,fear,2.7350729396857787e-06,9.817583412896624e-10,81.0119400024414,17.374279022216797,1.604151964187622,6.341946412469213e-11,0.009631374850869179,P1L42069,P1L42069.mp4,3800,38.0
1,,fear,1.7284339264733717e-05,5.1544375878620485e-08,66.31044006347656,17.724050521850586,15.828924179077148,6.92504456556442e-11,0.13657204806804657,P1L42069,P1L42069.mp4,3900,39.0
1,,fear,2.2504905246023554e-06,1.873900368210002e-09,60.71155548095703,36.68769454956055,2.583862066268921,5.441534722816499e-11,0.01689121499657631,P1L42069,P1L42069.mp4,4000,40.0
1,,fear,6.316412054729881e-06,1.6071890485136464e-08,50.44264221191406,42.167572021484375,7.370575428009033,1.5662174682185004e-11,0.019199009984731674,P1L42069,P1L42069.mp4,4100,41.0
1,,fear,1.0957769518427085e-05,1.8282655389612046e-08,70.677978515625,24.7113037109375,4.60567045211792,2.7902145871561146e-11,0.005038098432123661,P1L42069,P1L42069.mp4,4200,42.0
1,,fear,0.01448280829936266,3.6457374790188624e-06,60.240936279296875,0.0008219901937991381,39.39282989501953,0.00029611977515742183,0.35063061118125916,P1L42069,P1L42069.mp4,4300,43.0
1,,fear,1.4154415111988783e-05,2.1162028573940006e-08,75.6832275390625,13.115408897399902,11.164569854736328,1.2440831351212545e-11,0.03677506744861603,P1L42069,P1L42069.mp4,4400,44.0
1,,happy,5.618132945528487e-06,3.6185806351340943e-08,34.46118927001953,57.832515716552734,7.644907474517822,2.297764582770423e-11,0.06138252839446068,P1L42069,P1L42069.mp4,4500,45.0
1,,fear,1.4987252143328078e-05,4.240305528924182e-08,78.67100524902344,14.036477088928223,7.264626979827881,1.6181717424346154e-11,0.027865540236234665,P1L42069,P1L42069.mp4,4600,46.0
1,,fear,3.437820487306453e-05,2.0819226165258442e-07,63.36734390258789,15.532593727111816,21.037330627441406,1.476188789262256e-11,0.06269443035125732,P1L42069,P1L42069.mp4,4700,47.0
1,,fear,1.6275696907541715e-05,6.851098532933975e-08,59.79560470581055,26.960607528686523,13.21098804473877,1.4761511457628274e-11,0.03278055042028427,P1L42069,P1L42069.mp4,4800,48.0
1,,happy,7.954612556204665e-06,2.374498393464819e-07,22.681245803833008,66.35331726074219,10.951486587524414,5.214807318604242e-12,0.01394515112042427,P1L42069,P1L42069.mp4,4900,49.0
1,,fear,2.0067926016054116e-05,1.4137184223272925e-07,62.68450164794922,20.214065551757812,17.053361892700195,1.0856176201057277e-11,0.04805653169751167,P1L42069,P1L42069.mp4,5000,50.0
1,,happy,1.0368142284278292e-05,1.6154893955899752e-07,32.12605285644531,51.220054626464844,16.60784912109375,1.0688674771663909e-11,0.0460384227335453,P1L42069,P1L42069.mp4,5100,51.0
1,,happy,1.1403664757381193e-05,3.3870728088913893e-07,22.81110382080078,59.77003479003906,17.353124618530273,1.603614810385956e-11,0.06572797894477844,P1L42069,P1L42069.mp4,5200,52.0
1,,happy,7.688615369261242e-06,1.536564013804309e-07,23.23341941833496,66.75498962402344,9.972091674804688,1.1838367959537965e-11,0.03949645906686783,P1L42069,P1L42069.mp4,5300,53.0
1,,happy,1.7212485090567498e-06,5.2945676287663446e-08,6.649773597717285,89.77572631835938,3.554976463317871,4.376442350878529e-12,0.019517697393894196,P1L42069,P1L42069.mp4,5400,54.0
1,,happy,5.586964107351378e-06,5.699412497506273e-08,30.516515731811523,58.60505294799805,10.816010475158691,3.841624240941144e-11,0.06241721287369728,P1L42069,P1L42069.mp4,5500,55.0
1,,happy,1.2314727655393654e-06,9.927194177805632e-09,15.33777141571045,82.65937805175781,1.975622534751892,1.4161759265274299e-10,0.02723131701350212,P1L42069,P1L42069.mp4,5600,56.0
1,,happy,3.0098879051365657e-06,7.880083074951472e-08,12.528523445129395,81.9158935546875,5.547476291656494,4.164862031641459e-12,0.00809813104569912,P1L42069,P1L42069.mp4,5700,57.0
1,,fear,3.2107192964758724e-05,5.075629019302141e-07,47.6408576965332,28.281625747680664,24.02223777770996,2.811069779729003e-11,0.05524909496307373,P1L42069,P1L42069.mp4,5800,58.0
1,,fear,1.7589198250789195e-05,7.44378638728449e-08,73.83525848388672,16.70705795288086,9.447039604187012,2.938772489247121e-11,0.01062295027077198,P1L42069,P1L42069.mp4,5900,59.0
1,,happy,1.3281945030030329e-05,4.545755132312479e-07,26.460098266601562,50.54008102416992,22.94191551208496,9.78684234348437e-12,0.057895734906196594,P1L42069,P1L42069.mp4,6000,60.0
1,,fear,4.627143425750546e-05,5.718922011510585e-07,55.55036163330078,19.10880470275879,25.282991409301758,4.641059758725419e-11,0.05779576674103737,P1L42069,P1L42069.mp4,6100,61.0
1,,fear,3.1489409593632445e-05,3.3171824043165543e-07,43.284942626953125,31.18255043029785,25.45397186279297,4.704937481281313e-11,0.07850779592990875,P1L42069,P1L42069.mp4,6200,62.0
1,,fear,2.8605112674995326e-05,1.680123347114204e-07,60.489036560058594,15.296896934509277,24.13408088684082,5.66182899175427e-11,0.07995674014091492,P1L42069,P1L42069.mp4,6300,63.0
1,,fear,3.2712076063035056e-05,2.7080361064690806e-07,50.28138732910156,17.652530670166016,31.937402725219727,7.756362913058368e-11,0.12864898145198822,P1L42069,P1L42069.mp4,6400,64.0
1,,fear,2.6419265850563534e-05,1.734616574822212e-07,51.904266357421875,21.18893814086914,26.793420791625977,5.1425037839170074e-11,0.1133543998003006,P1L42069,P1L42069.mp4,6500,65.0
1,,fear,2.144681502613821e-06,2.831595846686241e-09,53.28281021118164,40.42317581176758,6.2686285972595215,3.2481475842338625e-11,0.02539100870490074,P1L42069,P1L42069.mp4,6600,66.0
1,,happy,2.2371884824679e-06,1.3593854042426301e-08,34.90605163574219,58.24146270751953,6.820651054382324,6.516986950089176e-11,0.03183247894048691,P1L42069,P1L42069.mp4,6700,67.0
1,,happy,9.20675461202336e-07,5.486893162043316e-09,27.342254638671875,69.44562530517578,3.186944007873535,6.08296052417856e-11,0.02517612650990486,P1L42069,P1L42069.mp4,6800,68.0
1,,happy,5.723383083022782e-07,4.6401336106782765e-09,13.758240699768066,84.3515625,1.8840616941452026,2.377316572765853e-11,0.006136395037174225,P1L42069,P1L42069.mp4,6900,69.0
1,,happy,1.517038072051946e-06,5.412256864900655e-09,27.012802124023438,69.7080307006836,3.2702579498291016,1.3236601051347385e-11,0.008910487405955791,P1L42069,P1L42069.mp4,7000,70.0
1,,happy,2.8177890953884344e-07,4.71247929567653e-10,21.50434684753418,77.97756958007812,0.5143390893936157,8.32849414433845e-12,0.0037455742713063955,P1L42069,P1L42069.mp4,7100,71.0
1,,happy,1.266241724806605e-06,6.239787353479187e-09,13.493587493896484,84.1377944946289,2.3609373569488525,2.5119462065958942e-11,0.00767788290977478,P1L42069,P1L42069.mp4,7200,72.0
1,,happy,3.2475770694873063e-07,1.0832230668000875e-09,13.878926277160645,85.31424713134766,0.8038527965545654,1.0333831013120687e-11,0.0029821000061929226,P1L42069,P1L42069.mp4,7300,73.0
1,,happy,1.991719642546741e-07,7.521665512655318e-10,9.49361801147461,89.97533416748047,0.5294557809829712,3.676505280769682e-12,0.0015910085057839751,P1L42069,P1L42069.mp4,7400,74.0
1,,happy,8.743092507756955e-07,1.6861506635379442e-09,26.441308975219727,72.34027099609375,1.2158640623092651,4.725564991397979e-12,0.0025498410686850548,P1L42069,P1L42069.mp4,7500,75.0
1,,happy,8.520456162841583e-07,1.2920464698140677e-08,8.1392822265625,90.28038787841797,1.5723254680633545,8.413626739756097e-11,0.00801062025129795,P1L42069,P1L42069.mp4,7600,76.0
1,,happy,2.6106158657057676e-07,2.4405260035109677e-09,6.870333671569824,92.3963394165039,0.7297930717468262,2.4028974990319973e-11,0.0035334196873009205,P1L42069,P1L42069.mp4,7700,77.0
1,,happy,1.8903430998307158e-07,2.2834902857482575e-09,3.8079159259796143,95.45347595214844,0.7361370921134949,8.123352684963336e-12,0.002480453113093972,P1L42069,P1L42069.mp4,7800,78.0
1,,happy,3.167376689816592e-07,5.779978162756549e-10,18.629873275756836,80.63443756103516,0.732900083065033,1.2600373001936394e-11,0.0027881290297955275,P1L42069,P1L42069.mp4,7900,79.0
1,,happy,7.51845527702244e-06,5.4961674322839826e-08,25.7630615234375,69.9102783203125,4.225241661071777,9.451106564029033e-10,0.1014162078499794,P1L42069,P1L42069.mp4,8000,80.0
1,,happy,1.3648103958985303e-05,7.048682704180464e-08,31.86920738220215,58.63853454589844,9.436476707458496,4.883395909871524e-10,0.055767010897397995,P1L42069,P1L42069.mp4,8100,81.0
1,,fear,5.9407891967566684e-05,4.295206963433884e-06,49.341896057128906,17.00503921508789,33.5944938659668,4.020553057149101e-10,0.058505572378635406,P1L42069,P1L42069.mp4,8200,82.0
1,,sad,0.00024805337307043374,1.0119781531855998e-12,10.095922470092773,4.4375024117471185e-06,86.93627166748047,1.1944038078581798e-06,2.967555046081543,P1L42069,P1L42069.mp4,8300,83.0
1,,sad,0.00022130977595224977,5.75467416774611e-11,1.0646191835403442,5.2039276852156036e-06,98.86851501464844,1.0314350262774497e-08,0.0666448175907135,P1L42069,P1L42069.mp4,8400,84.0
1,,sad,0.00010279077832819894,1.4001973192012684e-10,1.9182003736495972,1.0667109563655686e-05,98.07600402832031,1.2305633845244301e-07,0.0056794737465679646,P1L42069,P1L42069.mp4,8500,85.0
1,,sad,0.005929853767156601,6.186362533355805e-09,9.585412979125977,7.293343514902517e-05,90.08844757080078,2.42897999669367e-06,0.32013335824012756,P1L42069,P1L42069.mp4,8600,86.0
1,,sad,3.091737744398415e-05,7.141863923171288e-12,1.8255096673965454,2.0576406313921325e-05,98.08885955810547,5.34515720573836e-07,0.08558015525341034,P1L42069,P1L42069.mp4,8700,87.0
1,,fear,1.638294747863256e-06,2.5713141685312912e-11,99.79118347167969,0.04859369620680809,0.16017693281173706,4.0875107660577614e-13,4.5292123104445636e-05,P1L42069,P1L42069.mp4,8800,88.0
1,,sad,0.0004897293983958662,2.6661259311389074e-10,0.7035601139068604,2.8958484108443372e-05,98.71530151367188,1.0803330496855779e-07,0.5806223750114441,P1L42069,P1L42069.mp4,8900,89.0
1,,sad,0.013435452245175838,3.7549217068999496e-08,10.357316970825195,0.0005381227820180357,89.43449401855469,0.000139069466968067,0.19407692551612854,P1L42069,P1L42069.mp4,9000,90.0
1,,sad,0.00361799169331789,9.862671568328096e-09,1.714699625968933,6.55796829960309e-05,98.27287292480469,3.266821693159727e-07,0.008742780424654484,P1L42069,P1L42069.mp4,9100,91.0
1,,fear,1.995750409378161e-08,3.118472710963993e-12,90.38231658935547,9.5684175491333,0.04926319792866707,5.0063939945705835e-14,6.858384153929364e-07,P1L42069,P1L42069.mp4,9200,92.0
1,,fear,1.9372439652443063e-08,4.189937025805834e-12,90.03380584716797,9.92909049987793,0.03710759058594704,1.0809644059852838e-13,1.6785561456345022e-06,P1L42069,P1L42069.mp4,9300,93.0
1,,fear,2.1943628780718427e-07,2.023593966005155e-11,99.0627670288086,0.8862550258636475,0.05097930505871773,3.803231804467254e-14,3.5112084333377425e-06,P1L42069,P1L42069.mp4,9400,94.0
1,,fear,3.6083292798139155e-07,2.2639730368201327e-11,99.52397155761719,0.42947879433631897,0.046542853116989136,7.270920654835547e-14,1.98025213649089e-06,P1L42069,P1L42069.mp4,9500,95.0
1,,fear,3.058128186239628e-07,7.838062143772362e-11,98.55374908447266,1.3891069889068604,0.05714687705039978,1.3940678310082194e-13,3.67348138752277e-06,P1L42069,P1L42069.mp4,9600,96.0
1,,fear,3.8605492136412067e-07,9.838645870230422e-11,98.81037902832031,1.1200186014175415,0.06958861649036407,6.078205972391559e-13,1.6157524441950954e-05,P1L42069,P1L42069.mp4,9700,97.0
1,,fear,3.071199614623765e-07,5.408333225709328e-10,96.62361907958984,3.2530806064605713,0.1230926439166069,2.474497820190158e-12,0.00020956537628080696,P1L42069,P1L42069.mp4,9800,98.0
1,,fear,3.904858090209018e-07,3.706367157629842e-10,94.97124481201172,4.864806652069092,0.1638638973236084,1.0784590451576315e-12,8.490293839713559e-05,P1L42069,P1L42069.mp4,9900,99.0
1,,fear,3.1255575549948844e-07,1.6600382179987605e-10,97.84529876708984,2.060189962387085,0.09449784457683563,9.351256612588274e-14,2.031239819189068e-05,P1L42069,P1L42069.mp4,10000,100.0
1,,fear,4.2539986679912545e-06,1.8639194632186218e-09,97.37458038330078,1.6462664604187012,0.9789732098579407,2.47981344660142e-12,0.00016749299538787454,P1L42069,P1L42069.mp4,10100,101.0
1,,happy,1.6221829355345108e-05,9.266684060094121e-07,45.325897216796875,46.30919647216797,8.354883193969727,4.77464595638466e-12,0.010003729723393917,P1L42069,P1L42069.mp4,10200,102.0
1,,fear,2.482387571944855e-06,8.920637561971034e-09,67.12602996826172,31.628721237182617,1.2418818473815918,6.936902441356807e-12,0.0033647215459495783,P1L42069,P1L42069.mp4,10300,103.0
1,,fear,3.381730095952662e-07,3.538017795401416e-11,91.065673828125,8.844234466552734,0.08992133289575577,4.2597089050522285e-12,0.00017201561422552913,P1L42069,P1L42069.mp4,10400,104.0
1,,fear,1.885721587768785e-07,2.168875148922389e-11,81.94203186035156,17.920652389526367,0.1368318647146225,6.5797896645070075e-12,0.00047788588562980294,P1L42069,P1L42069.mp4,10500,105.0
1,,fear,1.4869853259824595e-07,2.1315402568000685e-11,64.88385772705078,34.97776794433594,0.13711221516132355,2.7458301257721196e-11,0.001258034841157496,P1L42069,P1L42069.mp4,10600,106.0
1,,happy,1.229190047524753e-07,1.2358881973373315e-10,43.002384185791016,56.749122619628906,0.24540986120700836,1.7080073466679835e-11,0.0030829396564513445,P1L42069,P1L42069.mp4,10700,107.0
1,,fear,2.788929407415708e-07,1.611936834011729e-10,53.981197357177734,45.313133239746094,0.696258544921875,3.97436736299106e-11,0.009415285661816597,P1L42069,P1L42069.mp4,10800,108.0
1,,fear,7.988814587633897e-08,3.1766655278486766e-11,61.389137268066406,38.45391082763672,0.1566719263792038,1.0729537917864018e-11,0.000285848684143275,P1L42069,P1L42069.mp4,10900,109.0
1,,fear,7.050294215105168e-08,2.2983058164949277e-11,58.72246551513672,41.20766830444336,0.06956387311220169,9.024517244604624e-12,0.00030983053147792816,P1L42069,P1L42069.mp4,11000,110.0
1,,fear,1.0885166545904212e-07,3.708653176226484e-11,88.25530242919922,11.685868263244629,0.058597225695848465,1.07439127039477e-11,0.00023727062216494232,P1L42069,P1L42069.mp4,11100,111.0
1,,fear,7.480238650714455e-08,1.9587281449573446e-11,84.17517852783203,15.669204711914062,0.15517224371433258,7.411573091364865e-12,0.0004438692412804812,P1L42069,P1L42069.mp4,11200,112.0
1,,fear,1.3293762890498328e-07,2.89152677496185e-11,86.80039978027344,13.032811164855957,0.1651528775691986,1.7600089788349926e-11,0.001641828566789627,P1L42069,P1L42069.mp4,11300,113.0
1,,fear,9.488697116921685e-08,1.0770100956902784e-11,78.30574035644531,21.524314880371094,0.16784554719924927,1.40341670576416e-11,0.002106914995238185,P1L42069,P1L42069.mp4,11400,114.0
1,,fear,7.093637321986535e-08,1.4192529963763523e-11,72.20760345458984,27.604976654052734,0.18584087491035461,1.0942483030795813e-11,0.0015800666296854615,P1L42069,P1L42069.mp4,11500,115.0
1,,fear,6.386455879692221e-07,2.7328653229297117e-10,72.97126007080078,26.217105865478516,0.805218517780304,1.1924116208317237e-11,0.00642062583938241,P1L42069,P1L42069.mp4,11600,116.0
1,,fear,8.873361423411552e-08,1.6192025151240408e-11,94.46947479248047,5.495356559753418,0.03514518588781357,4.068444799804061e-12,2.1225738237262703e-05,P1L42069,P1L42069.mp4,11700,117.0
1,,fear,3.096736733709804e-08,7.331082789441279e-12,87.9483871459961,12.014871597290039,0.036691565066576004,1.1589017506058452e-12,4.736216942546889e-05,P1L42069,P1L42069.mp4,11800,118.0
1,,fear,8.663582207191212e-08,8.485084856957315e-11,95.18538665771484,4.734038829803467,0.08054104447364807,4.1896794735797604e-13,3.51693197444547e-05,P1L42069,P1L42069.mp4,11900,119.0
1,,fear,1.3238886253930104e-07,1.8513515720464113e-10,94.42265319824219,5.535828590393066,0.04149848595261574,5.560827406186908e-13,1.5142212760110851e-05,P1L42069,P1L42069.mp4,12000,120.0
1,,fear,4.4704794532890446e-08,1.011051659061124e-10,90.53250122070312,9.402875900268555,0.06460549682378769,3.2734215051023405e-14,1.7270403986913152e-05,P1L42069,P1L42069.mp4,12100,121.0
1,,fear,5.453332363458685e-08,3.822823307908507e-11,96.45195770263672,3.504992723464966,0.043021440505981445,1.8126114758459932e-13,2.762571966741234e-05,P1L42069,P1L42069.mp4,12200,122.0
1,,fear,4.5085468514116656e-07,8.268828954882679e-10,96.79158020019531,2.9825565814971924,0.22569333016872406,6.682984244124612e-13,0.00016230078472290188,P1L42069,P1L42069.mp4,12300,123.0
1,,fear,1.8327223472169862e-07,3.5501410144966883e-10,92.28689575195312,7.638003349304199,0.0746602863073349,3.2303656277710147e-12,0.00043728703167289495,P1L42069,P1L42069.mp4,12400,124.0
1,,fear,4.396509112325475e-08,1.0449005376222953e-11,90.83058166503906,9.106513977050781,0.06283802539110184,6.337034304422506e-13,6.902489985805005e-05,P1L42069,P1L42069.mp4,12500,125.0
1,,fear,6.682528663759513e-08,6.368554988922526e-11,86.68302917480469,13.22919750213623,0.08728896826505661,1.9618046336739026e-12,0.0004831319965887815,P1L42069,P1L42069.mp4,12600,126.0
1,,fear,1.4224735878087813e-07,9.682648433040342e-11,94.15568542480469,5.799936294555664,0.044332120567560196,1.1632714106216135e-12,4.621905100066215e-05,P1L42069,P1L42069.mp4,12700,127.0
1,,fear,1.1457083815002989e-07,8.935527318065795e-11,92.94424438476562,7.003188133239746,0.052490655332803726,1.0381706345291564e-12,8.0713456554804e-05,P1L42069,P1L42069.mp4,12800,128.0
1,,fear,2.864244663669524e-07,7.83446474361682e-10,88.96952819824219,10.856878280639648,0.17252036929130554,4.420406748972816e-12,0.0010741801233962178,P1L42069,P1L42069.mp4,12900,129.0
1,,fear,4.7331937480521447e-07,1.7636846427748765e-09,92.23588562011719,7.496038436889648,0.2657020688056946,1.4788661614750787e-11,0.002373086754232645,P1L42069,P1L42069.mp4,13000,130.0
1,,fear,1.475575572840171e-07,1.3587889147181897e-10,85.45767211914062,14.454195022583008,0.08790930360555649,1.9630499482892194e-12,0.00022140824876260012,P1L42069,P1L42069.mp4,13100,131.0
1,,fear,6.480299674649359e-08,5.4083952594208284e-11,92.7315673828125,7.212398052215576,0.05598527938127518,6.244615827037669e-13,4.570437522488646e-05,P1L42069,P1L42069.mp4,13200,132.0
1,,fear,2.247197095073261e-08,6.7072410993296305e-12,90.4148941040039,9.552848815917969,0.032251570373773575,2.6809929059776194e-13,1.0905746421485674e-05,P1L42069,P1L42069.mp4,13300,133.0
1,,fear,3.132435466568495e-08,8.828771047575401e-12,96.69109344482422,3.287360191345215,0.021520333364605904,4.762663245554133e-13,2.0700945242424496e-05,P1L42069,P1L42069.mp4,13400,134.0
1,,fear,2.957978040285525e-08,7.804300608538206e-12,88.47723388671875,11.478989601135254,0.04372749105095863,1.4985297074401882e-12,4.986744170309976e-05,P1L42069,P1L42069.mp4,13500,135.0
1,,fear,1.849655006935791e-08,4.7910642467230424e-12,76.6596908569336,23.284936904907227,0.055319949984550476,1.1673172194484605e-12,4.8387817514594644e-05,P1L42069,P1L42069.mp4,13600,136.0
1,,fear,3.8958344106276854e-08,1.5629131669414598e-11,76.98744201660156,22.899715423583984,0.11273382604122162,2.349890898187268e-12,0.00011338002514094114,P1L42069,P1L42069.mp4,13700,137.0
1,,fear,2.895308703898536e-08,8.5822052589557e-12,85.46112823486328,14.479557991027832,0.05919283628463745,5.688168252387937e-12,0.00011910325702046975,P1L42069,P1L42069.mp4,13800,138.0
1,,fear,1.9879605872574757e-07,1.0289633034510359e-10,82.22207641601562,17.561479568481445,0.21632994711399078,6.17052145057001e-13,0.00012118130689486861,P1L42069,P1L42069.mp4,13900,139.0
1,,happy,5.20398725711857e-06,6.333151780779644e-10,1.0419957106932998e-05,99.97977447509766,2.4579190721851774e-05,1.452861943107564e-05,0.02017096057534218,P1L42069,P1L42069.mp4,14000,140.0
1,,neutral,0.05674861744046211,3.19363664402772e-07,3.305321216583252,1.2030768394470215,45.35768127441406,0.0004820802132599056,50.07669448852539,P1L42069,P1L42069.mp4,14100,141.0
1,,fear,1.545480489730835,0.02679155394434929,52.313541412353516,0.6399754881858826,33.205360412597656,2.972719430923462,9.296131134033203,P1L42069,P1L42069.mp4,14200,142.0
1,,neutral,0.014025433920323849,3.696180647239089e-05,3.4233345985412598,30.44647216796875,2.886533260345459,0.5605881810188293,62.669010162353516,P1L42069,P1L42069.mp4,14300,143.0
1,,sad,0.006652389653027058,0.0005808465648442507,6.324975967407227,0.035671815276145935,75.48634338378906,3.244226491005975e-06,18.145771026611328,P1L42069,P1L42069.mp4,14400,144.0
1,,sad,1.4545174837112427,5.993317604064941,23.524093627929688,0.10831192135810852,54.7102165222168,0.0002856618957594037,14.209259033203125,P1L42069,P1L42069.mp4,14500,145.0
1,,fear,0.005046451464295387,2.9593425665552786e-07,71.08160400390625,0.005619607865810394,28.758153915405273,3.8083509679154304e-08,0.1495765596628189,P1L42069,P1L42069.mp4,14600,146.0
1,,fear,0.010585655458271503,3.074132837355137e-05,85.20233154296875,0.9325884580612183,12.902789115905762,5.671587587130489e-06,0.9516724348068237,P1L42069,P1L42069.mp4,14700,147.0
1,,sad,1.017747163772583,0.0210717860609293,15.50346565246582,0.028501806780695915,53.26618957519531,0.06195817142724991,30.101057052612305,P1L42069,P1L42069.mp4,14800,148.0
1,,fear,0.00016733547090552747,1.5375404942286064e-12,99.32670593261719,9.266820597986225e-06,0.6731158494949341,3.492592635457106e-14,3.9725841816107277e-07,P1L42069,P1L42069.mp4,14900,149.0
1,,fear,0.13753128051757812,1.5685195648984518e-06,62.86660385131836,0.435531884431839,0.7285031676292419,33.04168701171875,2.790144681930542,P1L42069,P1L42069.mp4,15000,150.0
1,,happy,3.955722739385631e-13,2.2963541310458138e-17,0.12740229070186615,99.87259674072266,5.292014861879579e-07,3.313903242530697e-14,4.2581318666634616e-06,P1L42069,P1L42069.mp4,15100,151.0
1,,fear,0.0026769819669425488,1.3969480017195224e-09,35.284812927246094,31.565385818481445,2.8784308433532715,10.600301742553711,19.66838836669922,P1L42069,P1L42069.mp4,15200,152.0
1,,happy,1.602210898676848e-11,1.6951518585096165e-13,8.561958384234458e-05,99.9993667602539,3.1590443541062996e-06,4.67181360264135e-09,0.0005497064557857811,P1L42069,P1L42069.mp4,15300,153.0
1,,sad,0.001529697678051889,1.312900508310122e-07,34.0739860534668,0.0010681177955120802,65.92120361328125,1.9599041479523294e-05,0.0021919095888733864,P1L42069,P1L42069.mp4,15400,154.0
1,,neutral,0.42572951316833496,6.403582119673956e-06,0.7350649237632751,0.3246089518070221,4.016994953155518,0.0054470389150083065,94.49214935302734,P1L42069,P1L42069.mp4,15500,155.0
1,,happy,0.0003401191206648946,0.001025421661324799,3.6578125953674316,72.23532104492188,6.027160167694092,0.12773054838180542,17.950607299804688,P1L42069,P1L42069.mp4,15600,156.0
1,,fear,6.0632199165411294e-05,7.965402915033337e-08,50.992618560791016,48.919708251953125,0.008900804445147514,1.9627275360534213e-09,0.07871317863464355,P1L42069,P1L42069.mp4,15700,157.0
1,,happy,0.8935941457748413,0.00010339420987293124,6.766071319580078,86.56938934326172,5.248033046722412,1.0973467823305327e-07,0.5228084325790405,P1L42069,P1L42069.mp4,15800,158.0
1,,sad,0.023187508806586266,0.00016768413479439914,21.29609489440918,0.007877747528254986,77.11959838867188,5.399221663537901e-06,1.5530673265457153,P1L42069,P1L42069.mp4,15900,159.0
1,,fear,0.45819607377052307,0.0007030313718132675,53.37785339355469,5.624148368835449,37.434776306152344,3.6798708606511354e-05,3.104285478591919,P1L42069,P1L42069.mp4,16000,160.0
1,,sad,0.33709952235221863,7.253601506818086e-05,0.1633637249469757,0.016130032017827034,79.87003326416016,5.3222051765722256e-11,19.61330223083496,P1L42069,P1L42069.mp4,16100,161.0
1,,fear,0.6364580392837524,0.006066268775612116,66.70987701416016,0.07527109235525131,31.93490219116211,0.011406929232180119,0.6260169744491577,P1L42069,P1L42069.mp4,16200,162.0
1,,happy,1.6593095324424212e-06,1.3692763589645551e-09,0.0006682421662844718,99.93734741210938,0.00094293721485883,0.003746156580746174,0.05729350820183754,P1L42069,P1L42069.mp4,16300,163.0
1,,happy,0.009408644400537014,4.1150060496875085e-06,2.763366937637329,96.3250961303711,0.2367454618215561,0.03934507071971893,0.6260313391685486,P1L42069,P1L42069.mp4,16400,164.0
1,,sad,7.310387134552002,0.05808773264288902,32.332149505615234,0.8200871348381042,48.06702423095703,0.41337957978248596,10.99887466430664,P1L42069,P1L42069.mp4,16500,165.0
1,,sad,0.00045067694736644626,1.1729225590784154e-08,2.6608808040618896,0.4063560962677002,92.51361846923828,0.325359046459198,4.093328475952148,P1L42069,P1L42069.mp4,16600,166.0
1,,fear,0.10972091555595398,1.9385341147426516e-05,99.8707504272461,0.003300697775557637,0.013524345122277737,0.002187908161431551,0.0004929908900521696,P1L42069,P1L42069.mp4,16700,167.0
1,,sad,6.19775673840195e-05,8.450331406839595e-11,0.383542001247406,0.0003149807162117213,99.60745239257812,2.0201449402179605e-08,0.008632374927401543,P1L42069,P1L42069.mp4,16800,168.0
1,,happy,1.4095323422225192e-05,4.646711834754846e-12,12.469568252563477,87.40837860107422,0.120841383934021,2.772110041515674e-10,0.001191152143292129,P1L42069,P1L42069.mp4,16900,169.0
1,,happy,1.3147384379408322e-05,3.937846142915147e-13,8.672097206115723,91.22779846191406,0.09790011495351791,3.1123059685000953e-10,0.0021902730222791433,P1L42069,P1L42069.mp4,17000,170.0
1,,happy,0.0015272109303623438,6.213731103343889e-05,2.8125903606414795,59.57416915893555,18.34320831298828,6.341696234812844e-07,19.268444061279297,P1L42069,P1L42069.mp4,17100,171.0
1,,happy,1.3132353160472121e-05,3.234823395814601e-07,43.41582489013672,56.47301483154297,0.11042089760303497,6.219013926056505e-07,0.0007266774191521108,P1L42069,P1L42069.mp4,17200,172.0
1,,happy,0.0006327464943751693,2.1950674636173062e-05,20.575210571289062,56.69450759887695,22.37413787841797,4.6296975142468e-07,0.3554913103580475,P1L42069,P1L42069.mp4,17300,173.0
1,,happy,0.000901395280379802,4.378366793389432e-05,0.37864935398101807,99.56593322753906,0.003526302520185709,1.1098025424871594e-05,0.05094054341316223,P1L42069,P1L42069.mp4,17400,174.0
1,,happy,6.451433728216216e-05,3.26487452184665e-07,0.12783432006835938,99.83213806152344,0.0006172557477839291,1.168471399637383e-07,0.039344578981399536,P1L42069,P1L42069.mp4,17500,175.0
1,,fear,1.0702955478336662e-05,2.205462548698911e-11,50.30851364135742,49.68405532836914,0.0054009961895644665,1.4357234512374362e-08,0.002023310400545597,P1L42069,P1L42069.mp4,17600,176.0
1,,fear,3.1224106351146474e-05,2.1080097667436348e-08,98.91424560546875,0.0020144060254096985,0.918670117855072,1.443412576962455e-11,0.1650381088256836,P1L42069,P1L42069.mp4,17700,177.0
1,,fear,2.0958948880434036e-05,3.4203857524062187e-09,99.36077117919922,0.003516922704875469,0.6346420049667358,3.9592159412071837e-11,0.0010505297686904669,P1L42069,P1L42069.mp4,17800,178.0
1,,fear,8.437046403741988e-07,7.828525154518484e-12,99.97481536865234,0.013421760872006416,0.011727999895811081,2.0734982741216212e-12,2.5935209123417735e-05,P1L42069,P1L42069.mp4,17900,179.0
1,,fear,0.0007853079587221146,2.7105500066681998e-06,98.69137573242188,0.008921865373849869,1.2801389694213867,2.4493618244747495e-10,0.018778495490550995,P1L42069,P1L42069.mp4,18000,180.0
1,,fear,8.264140342362225e-05,5.7261303254563245e-08,99.8729019165039,0.010597572661936283,0.11571096628904343,3.207373949765113e-11,0.0007101536029949784,P1L42069,P1L42069.mp4,18100,181.0
1,,fear,2.6796458769240417e-05,2.0590671390152693e-09,99.88801574707031,0.001891722553409636,0.10953186452388763,5.1152224816997105e-12,0.0005409852601587772,P1L42069,P1L42069.mp4,18200,182.0
1,,fear,1.5399705262097996e-06,1.1810989686278361e-10,99.91390228271484,0.036071956157684326,0.04995599389076233,1.0055479669410228e-12,6.930014205863699e-05,P1L42069,P1L42069.mp4,18300,183.0
1,,fear,2.386057167313993e-05,9.082229190937596e-09,99.20625305175781,0.04613778367638588,0.7474331855773926,6.827026791111912e-12,0.00015850707131903619,P1L42069,P1L42069.mp4,18400,184.0
1,,fear,9.183065230899956e-06,7.906834076365499e-10,99.81094360351562,0.03011690266430378,0.1588665097951889,4.58431426500483e-12,5.9129139117430896e-05,P1L42069,P1L42069.mp4,18500,185.0
1,,fear,2.3402042643283494e-05,7.551895109259021e-09,99.66098022460938,0.034792330116033554,0.30397433042526245,1.1977683601893663e-11,0.00022959968191571534,P1L42069,P1L42069.mp4,18600,186.0
1,,fear,0.0001299841533182189,1.641390667828091e-07,98.74264526367188,0.045471496880054474,1.210730791091919,8.269743223543458e-11,0.0010221822885796428,P1L42069,P1L42069.mp4,18700,187.0
1,,fear,3.38545287377201e-05,1.3066409287887382e-08,99.42290496826172,0.04744413495063782,0.5293293595314026,1.2388862505319231e-11,0.00028489253600127995,P1L42069,P1L42069.mp4,18800,188.0
1,,fear,0.0003526702930685133,1.4414162023967947e-06,95.54441833496094,0.11179015785455704,4.336727142333984,1.8339019192126216e-10,0.006717843934893608,P1L42069,P1L42069.mp4,18900,189.0
1,,fear,8.994164818432182e-05,3.0566880582227896e-08,99.27599334716797,0.015466555953025818,0.7071810960769653,1.584594955250651e-11,0.0012711129384115338,P1L42069,P1L42069.mp4,19000,190.0
1,,fear,1.91375074791722e-05,2.766566531420267e-08,99.0321273803711,0.17920313775539398,0.7880536317825317,1.8480212152227615e-11,0.0005993700469844043,P1L42069,P1L42069.mp4,19100,191.0
1,,fear,8.126377360895276e-05,1.1798025525422418e-06,97.83222961425781,0.005977661348879337,2.15559983253479,4.27979700290404e-11,0.006108204834163189,P1L42069,P1L42069.mp4,19200,192.0
1,,fear,2.0106430383748375e-05,9.047982807430799e-09,99.31404113769531,0.010331664234399796,0.6754735112190247,3.3717765992452575e-12,0.00013470636622514576,P1L42069,P1L42069.mp4,19300,193.0
1,,fear,6.547196971951053e-05,1.6307070893617492e-07,97.17607116699219,0.00870051234960556,2.8139798641204834,5.606571196886678e-12,0.0011689827078953385,P1L42069,P1L42069.mp4,19400,194.0
1,,fear,0.00016531880828551948,2.7508554012456443e-07,94.71739959716797,0.0049389423802495,5.275484561920166,1.3026774103863659e-11,0.0020085691940039396,P1L42069,P1L42069.mp4,19500,195.0
1,,fear,8.471379260299727e-05,8.872329715359228e-08,96.64153289794922,0.01606161706149578,3.340712070465088,1.8529225029317864e-11,0.0015976318391039968,P1L42069,P1L42069.mp4,19600,196.0
1,,fear,4.0726274164626375e-05,1.0806347816583184e-08,99.1325912475586,0.016529245302081108,0.8506107926368713,6.322445605250193e-12,0.00022709487529937178,P1L42069,P1L42069.mp4,19700,197.0
1,,fear,6.940711318748072e-05,2.977006090532086e-07,91.38694763183594,0.019594069570302963,8.591712951660156,1.6757937268754852e-12,0.001675783540122211,P1L42069,P1L42069.mp4,19800,198.0
1,,fear,0.0002272123092552647,1.4735650211150642e-06,68.45647430419922,0.007662578485906124,31.52654266357422,2.1729940763437483e-11,0.009101429022848606,P1L42069,P1L42069.mp4,19900,199.0
1,,fear,0.00047452913713641465,3.3130850169982295e-06,64.51834106445312,0.016526175662875175,35.45242691040039,2.6388870255633634e-11,0.012235350906848907,P1L42069,P1L42069.mp4,20000,200.0
1,,fear,0.00045980067807249725,1.3810051768814446e-06,75.7235336303711,0.010543703101575375,24.257080078125,5.223340510118746e-11,0.008387459442019463,P1L42069,P1L42069.mp4,20100,201.0
1,,fear,4.08127780247014e-05,9.872994866100271e-09,99.26728057861328,0.06844605505466461,0.6604505181312561,1.1960168098956725e-11,0.003782287472859025,P1L42069,P1L42069.mp4,20200,202.0
1,,sad,0.003370201215147972,5.5593587511282294e-09,0.2285740077495575,0.00029709935188293457,99.75023651123047,5.200717012598943e-08,0.01751851849257946,P1L42069,P1L42069.mp4,20300,203.0
1,,sad,0.00037811032962054014,3.0287254926264495e-09,0.04281824454665184,3.7799131860083435e-06,99.95660400390625,1.983265995875172e-09,0.00019985093967989087,P1L42069,P1L42069.mp4,20400,204.0
1,,fear,0.0005721604102291167,7.468061653526092e-07,98.1420669555664,0.004490880761295557,1.8421735763549805,1.938219723607304e-11,0.01069875992834568,P1L42069,P1L42069.mp4,20500,205.0
1,,fear,4.309598807594739e-05,1.3067133863842173e-07,94.69367218017578,0.2921013832092285,5.0133185386657715,1.5290072810300592e-12,0.0008710648980922997,P1L42069,P1L42069.mp4,20600,206.0
1,,fear,0.0005384579417295754,4.590321623254567e-06,92.73587036132812,0.08337333798408508,7.1713175773620605,4.310542374430515e-12,0.008900918997824192,P1L42069,P1L42069.mp4,20700,207.0
1,,fear,7.282118895091116e-05,1.3224376971265883e-07,98.77253723144531,0.039561640471220016,1.1777715682983398,6.103646060795498e-11,0.010070141404867172,P1L42069,P1L42069.mp4,20800,208.0
1,,fear,2.7528300051926635e-05,1.7548404684930574e-07,98.35005950927734,0.1369490772485733,1.4897209405899048,2.9080033520090254e-11,0.02324361726641655,P1L42069,P1L42069.mp4,20900,209.0
1,,fear,0.00018590473337098956,8.137546387843031e-07,98.74250030517578,0.02703368291258812,1.1952571868896484,4.002354836440958e-10,0.035032354295253754,P1L42069,P1L42069.mp4,21000,210.0
1,,fear,0.0036096167750656605,3.812729846686125e-05,84.93160247802734,0.020907649770379066,14.859360694885254,8.902982795433445e-10,0.18448200821876526,P1L42069,P1L42069.mp4,21100,211.0
1,,fear,0.0017418676288798451,4.964004347129958e-06,90.45093536376953,0.011369067244231701,9.520292282104492,4.677910836470289e-11,0.01566447876393795,P1L42069,P1L42069.mp4,21200,212.0
1,,fear,0.003834810107946396,7.735374674666673e-05,72.49236297607422,0.131600484251976,27.32391357421875,2.7754600701035415e-11,0.048213936388492584,P1L42069,P1L42069.mp4,21300,213.0
1,,fear,8.163362508639693e-05,8.043782145250589e-06,94.82301330566406,0.20414870977401733,4.92052698135376,2.8853740143691686e-12,0.052225589752197266,P1L42069,P1L42069.mp4,21400,214.0
1,,fear,5.227257133810781e-06,5.278018875287671e-07,97.7144546508789,1.5632245540618896,0.17761127650737762,5.393277491272386e-11,0.5447039604187012,P1L42069,P1L42069.mp4,21500,215.0
1,,fear,4.976026320946403e-05,6.897921593917999e-07,96.91499328613281,0.46687835454940796,0.47962814569473267,2.3256019332507094e-09,2.138458728790283,P1L42069,P1L42069.mp4,21600,216.0
1,,fear,0.001650952734053135,5.566117033595219e-05,72.93431091308594,0.20342689752578735,8.843369483947754,1.5617106496890187e-09,18.017196655273438,P1L42069,P1L42069.mp4,21700,217.0
1,,fear,4.4622356654144824e-05,1.2449267160263844e-05,93.31629943847656,2.685739755630493,1.2679569721221924,2.0049316373782489e-10,2.729951858520508,P1L42069,P1L42069.mp4,21800,218.0
1,,fear,2.089552981487941e-05,2.183554897783324e-06,97.40107727050781,1.3940601348876953,0.6125022768974304,1.1230417290564176e-10,0.5923362970352173,P1L42069,P1L42069.mp4,21900,219.0
1,,fear,4.699179044109769e-05,1.758344478730578e-05,92.10722351074219,2.7823777198791504,1.3051215410232544,3.1748645379359175e-10,3.8052163124084473,P1L42069,P1L42069.mp4,22000,220.0
1,,fear,6.583915092051029e-05,1.728635106701404e-05,95.37035369873047,1.591529130935669,1.11899733543396,2.0729291894117097e-10,1.919032096862793,P1L42069,P1L42069.mp4,22100,221.0
1,,fear,0.00020099208632018417,6.368650792865083e-05,91.37813568115234,1.4997963905334473,3.5879268646240234,1.8928618394919994e-10,3.533884286880493,P1L42069,P1L42069.mp4,22200,222.0
1,,fear,0.00027289288118481636,6.119579484220594e-05,95.92212677001953,0.6428603529930115,1.4786014556884766,4.2510669984174854e-10,1.9560763835906982,P1L42069,P1L42069.mp4,22300,223.0
1,,fear,7.363518670899794e-05,3.829313209280372e-05,89.74629974365234,3.3682265281677246,2.2277517318725586,2.011855959604958e-10,4.6576104164123535,P1L42069,P1L42069.mp4,22400,224.0
1,,fear,4.05510509153828e-05,6.793843567720614e-06,97.10258483886719,1.0880861282348633,1.3796236515045166,2.886735121776507e-11,0.42965370416641235,P1L42069,P1L42069.mp4,22500,225.0
1,,fear,2.06920212804107e-05,5.469955794978887e-06,95.822509765625,2.6447291374206543,0.7443462610244751,4.9847532351821044e-11,0.7883899807929993,P1L42069,P1L42069.mp4,22600,226.0
1,,fear,8.77753336681053e-07,7.343739127918525e-08,87.93336486816406,11.75307846069336,0.2742767632007599,2.057147637998802e-12,0.039281267672777176,P1L42069,P1L42069.mp4,22700,227.0
1,,fear,5.689702788913564e-07,4.21126848948461e-08,93.4373779296875,6.447439193725586,0.10747243463993073,7.561098448738424e-12,0.007715250365436077,P1L42069,P1L42069.mp4,22800,228.0
1,,fear,1.5655466540920315e-06,1.3330935644262354e-07,89.17037200927734,10.59397029876709,0.21905407309532166,1.374676327631219e-11,0.016609342768788338,P1L42069,P1L42069.mp4,22900,229.0
1,,fear,8.818566925583582e-07,1.9348327384705044e-08,97.29480743408203,2.633720874786377,0.06540580093860626,1.936949038661151e-11,0.006055863574147224,P1L42069,P1L42069.mp4,23000,230.0
1,,fear,2.0387701624713372e-06,3.46177375654122e-09,99.83075714111328,0.03245442360639572,0.1356014609336853,1.4234874130131248e-12,0.0011900953250005841,P1L42069,P1L42069.mp4,23100,231.0
1,,fear,9.672753549239133e-07,2.7993265483416963e-09,99.44477081298828,0.49404534697532654,0.055036526173353195,2.2625024683614603e-12,0.00614516343921423,P1L42069,P1L42069.mp4,23200,232.0
1,,fear,5.920398962189211e-06,5.310063144747801e-08,98.7497787475586,0.9866965413093567,0.24420066177845,7.387974780559414e-12,0.019326116889715195,P1L42069,P1L42069.mp4,23300,233.0
1,,fear,4.256347438058583e-06,3.310048413140976e-08,99.61219024658203,0.2005930244922638,0.18328502774238586,2.3412328933186677e-12,0.003921204246580601,P1L42069,P1L42069.mp4,23400,234.0
1,,fear,4.967712925463275e-07,2.5629132149873612e-09,99.67794799804688,0.23505614697933197,0.08629166334867477,5.113515947480218e-13,0.0007119615911506116,P1L42069,P1L42069.mp4,23500,235.0
1,,fear,9.51788820202637e-07,1.763125112574926e-08,99.25699615478516,0.36633649468421936,0.3665793836116791,2.189348962539084e-12,0.010088660754263401,P1L42069,P1L42069.mp4,23600,236.0
1,,fear,1.2790349501301534e-05,6.267731009756972e-07,97.47024536132812,1.9271297454833984,0.5652300715446472,4.216134039114472e-11,0.037383873015642166,P1L42069,P1L42069.mp4,23700,237.0
1,,fear,2.8975307486689417e-06,5.9275642172451626e-08,97.65734100341797,2.0848562717437744,0.24300363659858704,6.477726775117043e-12,0.014798548072576523,P1L42069,P1L42069.mp4,23800,238.0
1,,fear,6.511711035273038e-06,5.41905542661425e-08,99.42095184326172,0.49267229437828064,0.0839470773935318,4.419615281386902e-12,0.0024256273172795773,P1L42069,P1L42069.mp4,23900,239.0
1,,fear,9.824172593653202e-05,4.9970694817602634e-06,89.25823211669922,0.16202911734580994,10.562787055969238,3.327007558340256e-10,0.01684761419892311,P1L42069,P1L42069.mp4,24000,240.0
1,,fear,0.00018116494175046682,6.833346105850069e-06,85.9977035522461,0.020770251750946045,13.727120399475098,1.816122030540157e-09,0.2542223036289215,P1L42069,P1L42069.mp4,24100,241.0
1,,fear,4.054849341628142e-05,9.666349569670274e-07,94.64934539794922,0.026797659695148468,5.292219638824463,1.4261325453901463e-10,0.03159672021865845,P1L42069,P1L42069.mp4,24200,242.0
1,,fear,2.55546037806198e-05,4.1695960817378364e-07,98.0218505859375,0.02219582162797451,1.9357086420059204,5.694470450734457e-10,0.020222866907715797,P1L42069,P1L42069.mp4,24300,243.0
1,,fear,9.425958523934241e-06,7.671987134472147e-08,99.3053207397461,0.018322791904211044,0.6739671230316162,3.232856343737822e-11,0.002379906829446554,P1L42069,P1L42069.mp4,24400,244.0
1,,fear,3.907342761522159e-05,8.918426601667306e-07,97.41840362548828,0.012068554759025574,2.56044864654541,5.611375947234265e-11,0.00904069747775793,P1L42069,P1L42069.mp4,24500,245.0
1,,fear,0.0007592406473122537,3.068286969210021e-05,69.40303802490234,0.010836223140358925,30.47379493713379,1.9574462883920063e-10,0.11153757572174072,P1L42069,P1L42069.mp4,24600,246.0
1,,fear,9.669770952314138e-05,5.411947086031432e-07,81.16769409179688,0.06192287802696228,18.762155532836914,5.343294383342023e-12,0.008133691735565662,P1L42069,P1L42069.mp4,24700,247.0
1,,fear,6.0951264458708465e-05,1.9641231574496487e-07,96.31478881835938,0.014462366700172424,3.669574022293091,2.0012463908258837e-11,0.0011233561672270298,P1L42069,P1L42069.mp4,24800,248.0
1,,fear,0.00012010129285044968,2.9638744081239565e-07,98.29202270507812,0.011527766473591328,1.6914148330688477,7.345697661254036e-11,0.0049165901727974415,P1L42069,P1L42069.mp4,24900,249.0
1,,fear,0.00012477242853492498,3.505829454297782e-06,91.30166625976562,0.08817050606012344,8.602784156799316,2.3809093585569485e-11,0.007242530584335327,P1L42069,P1L42069.mp4,25000,250.0
1,,fear,0.002106674015522003,2.589434734545648e-05,85.6875,0.030050810426473618,14.186165809631348,2.5247615109691424e-10,0.09414968639612198,P1L42069,P1L42069.mp4,25100,251.0
1,,fear,0.00039122410817071795,3.1741339626023546e-05,73.70272064208984,0.47586095333099365,25.786638259887695,1.8909797339095036e-11,0.03435484692454338,P1L42069,P1L42069.mp4,25200,252.0
1,,fear,0.0003094281128142029,1.0192803529207595e-05,88.96391296386719,0.7671357989311218,10.25126838684082,6.358382570459398e-12,0.01736537553369999,P1L42069,P1L42069.mp4,25300,253.0
1,,fear,0.0001725627516862005,1.2874155800091103e-05,85.5650863647461,0.7746691107749939,13.650288581848145,1.2800660705025724e-11,0.00976582895964384,P1L42069,P1L42069.mp4,25400,254.0
1,,fear,0.00704859709367156,0.00015067699132487178,61.91555404663086,0.0231767725199461,37.90534591674805,5.808757364000883e-10,0.1487259566783905,P1L42069,P1L42069.mp4,25500,255.0
1,,fear,0.0026370270643383265,6.520823808386922e-05,57.83519744873047,0.07785385847091675,41.98950958251953,2.9150679092815324e-10,0.09473949670791626,P1L42069,P1L42069.mp4,25600,256.0
1,,fear,0.0024391617625951767,0.00010570113227004185,53.25485610961914,0.08973155915737152,46.54368209838867,3.2712826891767577e-10,0.1091880053281784,P1L42069,P1L42069.mp4,25700,257.0
1,,fear,0.0068597858771681786,6.746701546944678e-05,69.73077392578125,0.02026551030576229,30.146360397338867,2.1541560202287258e-10,0.09567461907863617,P1L42069,P1L42069.mp4,25800,258.0
1,,fear,6.822733848821372e-05,3.660767333713011e-07,96.86024475097656,0.37057116627693176,2.7646443843841553,6.135181945809975e-11,0.004465489182621241,P1L42069,P1L42069.mp4,25900,259.0
1,,fear,2.5148974600597285e-06,1.5450046797482742e-09,99.89788055419922,0.009779894724488258,0.09176158159971237,5.887144504529429e-12,0.000577721162699163,P1L42069,P1L42069.mp4,26000,260.0
1,,fear,2.1009502688684734e-06,1.119934700533065e-09,99.92281341552734,0.01668759435415268,0.059911951422691345,1.88453593008564e-11,0.0005817647324874997,P1L42069,P1L42069.mp4,26100,261.0
1,,fear,1.4092292076384183e-05,3.377518353886444e-08,99.19059753417969,0.006735873408615589,0.7930511236190796,1.2689709526225723e-11,0.009604433551430702,P1L42069,P1L42069.mp4,26200,262.0
1,,fear,1.0775210057545337e-06,1.0996311639033252e-09,99.90830993652344,0.017565732821822166,0.07265864312648773,1.6310324618684646e-11,0.001470916555263102,P1L42069,P1L42069.mp4,26300,263.0
1,,fear,4.898563929600641e-06,5.396301183679952e-09,99.49874877929688,0.016621021553874016,0.48057860136032104,5.202815608895683e-12,0.0040399981662631035,P1L42069,P1L42069.mp4,26400,264.0
1,,fear,1.5596716593790916e-06,1.5248595719441482e-09,99.6806869506836,0.02211383730173111,0.2891346216201782,4.615331120755295e-12,0.008065854199230671,P1L42069,P1L42069.mp4,26500,265.0
1,,fear,4.188877653632517e-07,1.486828993257916e-10,99.95227813720703,0.00783785805106163,0.039012517780065536,2.8012869801585794e-12,0.0008753101574257016,P1L42069,P1L42069.mp4,26600,266.0
1,,fear,5.597827907877218e-07,4.2450526427373347e-10,99.91989135742188,0.02467520907521248,0.05418255552649498,4.8318974689431915e-12,0.00125976768322289,P1L42069,P1L42069.mp4,26700,267.0
1,,fear,1.4178158380673267e-06,1.896021784020263e-09,99.86471557617188,0.02712533436715603,0.1007130965590477,1.8137000581952556e-11,0.00744517520070076,P1L42069,P1L42069.mp4,26800,268.0
1,,fear,6.492023771897948e-07,2.0400539590959e-10,99.8951644897461,0.017579127103090286,0.08352559804916382,6.489407535642533e-12,0.0037298770621418953,P1L42069,P1L42069.mp4,26900,269.0
1,,fear,7.025117270131886e-07,2.1283821927120528e-10,99.89010620117188,0.014135247096419334,0.09127282351255417,8.636835170661161e-12,0.004471133928745985,P1L42069,P1L42069.mp4,27000,270.0
1,,fear,1.1042504866054514e-06,3.5731606562450224e-10,99.87152862548828,0.009374208748340607,0.11454896628856659,7.890722797387895e-12,0.004546714015305042,P1L42069,P1L42069.mp4,27100,271.0
1,,fear,7.771197942929575e-07,5.636135447240065e-10,99.76457977294922,0.032019127160310745,0.1941271871328354,3.1348730035463124e-12,0.009273885749280453,P1L42069,P1L42069.mp4,27200,272.0
1,,fear,9.729449175210902e-07,7.430364101779219e-10,99.7801284790039,0.02218029648065567,0.19353897869586945,3.9991213465762065e-12,0.004152819514274597,P1L42069,P1L42069.mp4,27300,273.0
1,,fear,1.1000512358805281e-06,4.1186445920438075e-10,99.88153076171875,0.012978903949260712,0.10202113538980484,5.7068568620755045e-12,0.003479379927739501,P1L42069,P1L42069.mp4,27400,274.0
1,,fear,2.8099264000047697e-06,1.710103281205022e-09,99.93585968017578,0.023584658280014992,0.03874138742685318,3.3810548111246064e-11,0.0018099640728905797,P1L42069,P1L42069.mp4,27500,275.0
1,,fear,3.1835575100558344e-06,1.6426703330907344e-09,99.90300750732422,0.011995644308626652,0.08448929339647293,8.298295210706907e-12,0.0004900736385025084,P1L42069,P1L42069.mp4,27600,276.0
1,,fear,0.009534710086882114,0.00045846111606806517,66.00201416015625,0.03984881937503815,33.409908294677734,2.683736344266663e-09,0.5382333993911743,P1L42069,P1L42069.mp4,27700,277.0
1,,sad,0.0017015618504956365,0.0005885844002477825,48.45341110229492,0.5446026921272278,50.822086334228516,1.2081560196719465e-09,0.17761458456516266,P1L42069,P1L42069.mp4,27800,278.0
1,,fear,0.00022500847990158945,8.321539098687936e-06,90.4252700805664,0.9149522185325623,8.643993377685547,1.7882806346847246e-11,0.015553866513073444,P1L42069,P1L42069.mp4,27900,279.0
1,,fear,0.00021647854009643197,3.3163316402351484e-05,80.72174835205078,0.8300043344497681,18.405864715576172,1.3647309671238617e-10,0.04213368520140648,P1L42069,P1L42069.mp4,28000,280.0
1,,fear,0.002495884196832776,0.00016980075452011079,58.97093963623047,0.1507139354944229,40.677978515625,1.2456584652653646e-09,0.19770164787769318,P1L42069,P1L42069.mp4,28100,281.0
1,,fear,0.0014554323861375451,0.00022067927056923509,66.46044158935547,0.30508682131767273,33.07430648803711,1.6769903243840645e-09,0.15849070250988007,P1L42069,P1L42069.mp4,28200,282.0
1,,fear,0.0013917505275458097,0.0003880361618939787,60.0617561340332,0.5523607730865479,39.26970291137695,1.3029003431697106e-09,0.11439473181962967,P1L42069,P1L42069.mp4,28300,283.0
1,,sad,0.002231189515441656,0.0007489952258765697,41.03026580810547,0.511398196220398,58.302146911621094,2.6811575182250635e-09,0.1532069593667984,P1L42069,P1L42069.mp4,28400,284.0
1,,sad,0.002762762364000082,0.000887985632289201,40.49262619018555,0.5633721351623535,58.77542495727539,1.9865160627574596e-09,0.16492804884910583,P1L42069,P1L42069.mp4,28500,285.0
1,,sad,0.0020194114185869694,0.0004746693593915552,47.33352279663086,0.5337150692939758,52.00326156616211,2.0220223273526017e-09,0.12700669467449188,P1L42069,P1L42069.mp4,28600,286.0
1,,fear,0.0027257048059254885,5.814150063088164e-05,81.22442626953125,0.10071351379156113,18.572877883911133,7.167430537968755e-10,0.0991983488202095,P1L42069,P1L42069.mp4,28700,287.0
1,,fear,0.003511591348797083,9.478458377998322e-05,82.25186157226562,0.056474532932043076,17.44883918762207,5.168844241509873e-10,0.23921699821949005,P1L42069,P1L42069.mp4,28800,288.0
1,,fear,0.00011804334644693881,7.937951522762887e-07,96.9720230102539,0.1253965049982071,2.8829572200775146,2.251874901826323e-12,0.019502729177474976,P1L42069,P1L42069.mp4,28900,289.0
1,,fear,5.753950244979933e-05,1.8636548304584721e-07,98.51039123535156,0.36999058723449707,1.1064940690994263,1.0837354451342929e-11,0.01306961104273796,P1L42069,P1L42069.mp4,29000,290.0
1,,fear,0.0002200091548729688,9.075264983948728e-07,97.2242202758789,0.07174263894557953,2.684173345565796,2.9011988991745064e-11,0.019637657329440117,P1L42069,P1L42069.mp4,29100,291.0
1,,fear,0.0001974311308003962,3.661027449197718e-06,96.47782135009766,0.13303446769714355,3.363006591796875,9.96178209367038e-11,0.025937458500266075,P1L42069,P1L42069.mp4,29200,292.0
1,,fear,0.000674898037686944,2.7066964321420528e-05,92.66014099121094,0.27580833435058594,6.60073709487915,6.892146298120849e-10,0.4626108705997467,P1L42069,P1L42069.mp4,29300,293.0
1,,fear,0.000300570362014696,1.8359600289841183e-05,94.4764633178711,0.36221569776535034,5.000227928161621,3.148905025618376e-10,0.16077537834644318,P1L42069,P1L42069.mp4,29400,294.0
1,,fear,0.00029141808045096695,2.205994132964406e-05,96.72611236572266,0.4636774957180023,2.344813823699951,6.457953616312295e-10,0.4650905132293701,P1L42069,P1L42069.mp4,29500,295.0
1,,fear,5.315832095220685e-05,1.950636203673639e-07,98.33279418945312,0.09934375435113907,1.5629513263702393,2.252940238881007e-12,0.004846393130719662,P1L42069,P1L42069.mp4,29600,296.0
1,,fear,1.3287437468534335e-05,1.2446653485653769e-08,99.62721252441406,0.05611899495124817,0.31582188606262207,2.3862897335219513e-12,0.0008431861060671508,P1L42069,P1L42069.mp4,29700,297.0
1,,fear,8.213339242502116e-06,5.2149449203398035e-09,99.82154083251953,0.035771239548921585,0.14220905303955078,2.7785586331763312e-12,0.0004708770429715514,P1L42069,P1L42069.mp4,29800,298.0
1,,fear,1.8007152903010137e-05,2.964790191128941e-08,99.53324127197266,0.09495104104280472,0.3703988492488861,1.1872296548642858e-11,0.001396371517330408,P1L42069,P1L42069.mp4,29900,299.0
1,,fear,4.307084236643277e-05,2.774691054696632e-08,99.7088394165039,0.010887600481510162,0.2775893211364746,4.659426663944366e-11,0.002641164232045412,P1L42069,P1L42069.mp4,30000,300.0
1,,fear,2.367521847190801e-05,1.8265547296891782e-08,99.73869323730469,0.020690472796559334,0.23888151347637177,2.0356770089047238e-11,0.001704340218566358,P1L42069,P1L42069.mp4,30100,301.0
1,,fear,1.73636381077813e-05,2.1056505872252274e-08,99.63300323486328,0.04995075240731239,0.3155217468738556,1.2732287446581836e-11,0.0015068966895341873,P1L42069,P1L42069.mp4,30200,302.0
1,,fear,4.8087611503433436e-05,1.2069682497894973e-07,98.97399139404297,0.04579981416463852,0.9704272150993347,3.2129628818600153e-11,0.009738350287079811,P1L42069,P1L42069.mp4,30300,303.0
1,,fear,0.000276824866887182,1.6580789861109224e-06,93.1369400024414,0.09670158475637436,6.661860466003418,5.8039868050530075e-11,0.10422185063362122,P1L42069,P1L42069.mp4,30400,304.0
1,,happy,5.231216277934436e-07,4.250961818019733e-18,1.6852310658066472e-09,94.65177154541016,2.0127954485360533e-05,3.0508706672094377e-10,5.348212718963623,P1L42069,P1L42069.mp4,30500,305.0
1,,sad,0.023491060361266136,6.885136372147826e-07,3.8799004554748535,0.023772794753313065,95.25269317626953,1.2551507097668946e-05,0.8201316595077515,P1L42069,P1L42069.mp4,30600,306.0
1,,neutral,1.1448543071746826,2.9621580324601382e-05,0.8884431719779968,0.8007903695106506,6.134040832519531,0.03990352898836136,90.99193572998047,P1L42069,P1L42069.mp4,30700,307.0
